slug,name,country,category,tags,founded,funding_stage,modality,form_factor,interface_depth,indication,target_user,regulatory_stage,description,analyst_note,website,profile_url,logo_url,related_slugs
3brain,3Brain,Switzerland,Tools and Infrastructure,Data Infrastructure; OEM,2011,Non-dilutive,MEA,,,Research,,Research only,Developing high-resolution microelectrode array (MEA) platforms that capture brain cell electrophysiology in vitro for neuroscience research and drug discovery.,"3Brain sits in the ex vivo electrophysiology tools segment, differentiated by its bidirectional CMOS-MEA arrays at 4,096-electrode density, a specification tier above most competing platforms in the organoid and brain-slice research market. With no disclosed clinical or in vivo pathway, its microchip-based technology is best understood as research infrastructure rather than translational technology.",https://www.3brain.com/,https://www.neurofounders.co/startups/3brain,https://cdn.prod.website-files.com/69401bfa528d1f131f2aa9ca/697b5b8f2498cad5f9c553a1_3brain_logo.jpeg,cortical-labs; maxwell-biosystems; cambridge-neurotech; open-neurotech; the-biological-computing-co
ability-neurotech,ABILITY Neurotech,Switzerland,Brain-Computer Interface,Assistive Technology; Experimental,2025,Non-dilutive,ECoG,,,Communication,,Investigational,"Developing implantable neural interface (BCI) to restore autonomy in paralysis by capturing, transmitting, analyzing, and stimulating brain activity.","ABILITY Neurotech is differentiated by its fully implantable, battery-free ECoG architecture with 50 Mbps lossless data transmission, a throughput substantially above current competitors in the implantable BCI space. As a 2025 Wyss Center spin-off entering first clinical trials in the Netherlands and Austria, it sits at the earliest stage of clinical translation in a field dominated by longer-established players like Blackrock Neurotech and Synchron.",https://abilityneuro.com/,https://www.neurofounders.co/startups/ability-neurotech,https://cdn.prod.website-files.com/69401bfa528d1f131f2aa9ca/694bc502640ea365f96d9cc0_1736657349000.jpeg,neuroxess; corticale; paradromics; axoft; precision-neuroscience
affectable-sleep,Affectable Sleep,Australia,Consumer Neurotech,Closed-loop; Wellness,2020,Non-dilutive,Light/sound,,,Sleep,,Non-medical,Developing an EEG sleep headband using precisely timed auditory neurostimulation to enhance slow-wave sleep and restorative sleep function.,"Affectable Sleep sits in closed-loop sleep neurotechnology, combining EEG monitoring with timed auditory stimulation in a consumer headband. Its current stage appears pre-commercial, with grant-supported user testing and early manufacturing work.",https://www.affectablesleep.com,https://www.neurofounders.co/startups/affectable-sleep,https://cdn.prod.website-files.com/69401bfa528d1f131f2aa9ca/6a41e91e6291ea31207702c6_affectable_logo.jpeg,elemind; somnee; nextsense; sond; earable-neuroscience
aleph-neuro,Aleph Neuro,United States,Tools and Infrastructure,Experimental; Data Infrastructure,2026,Unknown,Ultrasound,,,Research,,Research only,"Building non-invasive, ultrasound-based brain imaging technology intended to serve as a hardware foundation for future brain-computer interfaces.","Non-invasive ultrasound imaging at MRI-like resolution would remove one of the two hardware bottlenecks that have kept BCI confined to invasive implants or blurry scalp sensing. The claims are unverified outside the company's own announcement, and the ""telepathic future"" framing runs well ahead of any demonstrated decoding capability.",https://alephneuro.com,https://www.neurofounders.co/startups/aleph-neuro,https://cdn.prod.website-files.com/69401bfa528d1f131f2aa9ca/6a71fc53af7d0b752d7f6185_aleph_neuro_logo.jpeg,forest-neurotech; merge-labs; gestala; openwater; nudge
aleva-neurotherapeutics,Aleva Neurotherapeutics,Switzerland,Neuromodulation,Therapeutics; Experimental,2013,Series C+,DBS,,,Parkinson's,,CE-Marked,Implantable MEMS‑based directional deep brain stimulation (DBS) system improving precision and outcomes in Parkinson’s and essential tremor.,"Aleva Neurotherapeutics is positioned in the DBS hardware segment with a MEMS-based directional lead design that offers finer current steering than conventional cylindrical electrodes, targeting improved side-effect profiles in Parkinson's and essential tremor. With CE marking and Series C+ funding, it sits further along the commercialization curve than most neuromodulation startups but faces entrenched competition from Medtronic, Abbott, and Boston Scientific.",https://aleva-neuro.com,https://www.neurofounders.co/startups/aleva-neurotherapeutics,https://cdn.prod.website-files.com/69401bfa528d1f131f2aa9ca/694bc58284ac058cb440394c_aleva_neurotherapeutics_sa_logo.jpeg,newronika; encora-therapeutics; inbrain-neuroelectronics; cala-health; charco-neurotech
alljoined,Alljoined,USA,Tools and Infrastructure,Data Infrastructure; Machine Learning,2023,Seed,EEG,,,Research,,Research only,"Building foundation models for brain data that decode visual perception from non-invasive EEG signals, reconstructing seen images from neural recordings.","Alljoined is best understood as a research-infrastructure company building open-source EEG-to-image foundation models, sitting in the same data-platform layer as Karavela AI and Nubrain but differentiated by its focus on visual decoding and multi-subject generalization. Its open-release strategy prioritizes ecosystem building over proprietary moat, making its near-term monetization path less clear than product-oriented BCI companies.",https://www.alljoined.com/,https://www.neurofounders.co/startups/alljoined,https://cdn.prod.website-files.com/69401bfa528d1f131f2aa9ca/69d3905a4867cb48db7c1b71_alljoined_logo.jpeg,karavela-ai; nimbus; arctop; netholabs
alto-neuroscience,Alto Neuroscience,USA,Diagnostics and Assessment,Decision Support; Therapeutics,2019,Public,Biomarkers,,,Psychiatry,,Investigational,Developing precision psychiatric medicines by leveraging neurobiology to predict and improve treatment response.,"Alto Neuroscience is best understood as a precision psychiatry drug company rather than a neurotech device company, using EEG-derived neural phenotyping to match patients to proprietary compounds across depression, PTSD, and schizophrenia. Its 2024 IPO and four active Phase 2 trials position it as one of the few publicly traded companies attempting to close the loop between brain biomarkers and psychiatric drug selection.",https://altoneuroscience.com,https://www.neurofounders.co/startups/alto-neuroscience,https://cdn.prod.website-files.com/69401bfa528d1f131f2aa9ca/694bc5a93181d457e8604cac_altoneuroscience_logo.jpeg,graymatters-health; thymia
altoida,Altoida,USA,Diagnostics and Assessment,Diagnostics; Monitoring,2016,Series A,Biomarkers,,,Dementia/impairment,,Investigational,Providing a digital multimodal NeuroMarker platform to objectively assess and monitor cognitive function and detect early signs of neurodegenerative decline.,"Altoida is differentiated by its AR-based multimodal cognitive assessment capturing 600+ biomarkers in a 10-minute session, giving it a broader signal surface than most digital cognitive screening tools. The platform sits in the investigational segment for MCI and Alzheimer's detection, with validation across 42,000+ tests but no regulatory clearance for diagnostic use.",https://altoida.com/,https://www.neurofounders.co/startups/altoida,https://cdn.prod.website-files.com/69401bfa528d1f131f2aa9ca/6951047f1640a9016b1b4b9a_altoida_logo.jpeg,neurowyzr; winterlight-labs; braintrip; retispec; kneu-health
amber-therapeutics,Amber Therapeutics,UK,Neuromodulation,Therapeutics; Closed-loop,2021,Series A,Nerve stimulator,,,Women's health,,Investigational,"Developing an adaptive, implantable neuromodulation device for women’s mixed urinary incontinence.","Amber Therapeutics occupies a distinctive niche as the only implantable neuromodulation company specifically targeting mixed urinary incontinence via pudendal nerve stimulation, a condition underserved by existing sacral neuromodulation devices. Its landmark $100M Series A in 2024 signals significant investor conviction, though the company remains pre-approval and faces the clinical and regulatory burden typical of novel implantable indications.",https://www.amber-tx.com,https://www.neurofounders.co/startups/amber-therapeutics,https://cdn.prod.website-files.com/69401bfa528d1f131f2aa9ca/694bc5d8f06d3b006184e300_amber_therapeutics_logo.jpeg,neuraura; samphire-neuroscience; synergia-medical; neuronoff
ampa-health,Ampa Health,USA,Neuromodulation,Therapeutics; Clinical Workflows,2022,Seed,TMS,,,Psychiatry,,FDA cleared (510k),Developing a portable transcranial magnetic stimulation system to expand access to clinically validated neuromodulation treatments for mental health disorders.,"Ampa Health is positioned around expanding TMS access by miniaturizing the delivery system into a portable form factor, addressing the key bottleneck of clinic-bound infrastructure that limits current TMS adoption. With FDA clearance and seed-stage funding, it sits at an early commercial stage in a TMS market otherwise dominated by large-footprint systems from BrainsWay and Magstim.",https://www.ampahealth.com/,https://www.neurofounders.co/startups/ampa-health,https://cdn.prod.website-files.com/69401bfa528d1f131f2aa9ca/6951031d00e0dda9e897cdc7_1699481520930.jpeg,nexstim; magnus-medical; brainsway; neurosigma; sooma-medical
anthriq,Anthriq,India,Tools and Infrastructure,Data Infrastructure; OEM,2020,Seed,EEG,,,Research,,Research only,"Developing non-invasive EEG-based BCI headsets and a full-stack biosignal ecosystem, hardware, SDK, APIs, for real-time brain-tech interaction.","Anthriq is best understood as a developer-infrastructure play in the biosignal space, packaging wireless EEG hardware with a full-stack SDK and API layer aimed at enabling third-party applications rather than serving end users directly. This positions it adjacent to Arctop and BrainBit in the BCI middleware segment, though with a stronger hardware-plus-software bundle rather than a purely software-agnostic approach.",https://nexstem.ai/,https://www.neurofounders.co/startups/anthriq,https://cdn.prod.website-files.com/69401bfa528d1f131f2aa9ca/697ce2dcbb56e630a525b21e_nexstemai_logo%20(1).jpeg,bitbrain; brainbit; emotiv; g-tec; kernel
anuevo,ANUEVO,United States,Neuromodulation,Therapeutics; Assistive Technology,2016,Series C+,SCS,,,Paralysis/motor,,FDA cleared (510k),Providing a non-invasive transcutaneous spinal cord stimulation system to restore motor function in people with chronic spinal cord injury.,"Aneuvo's FDA clearance and prior CE mark for ExaStim make it one of the few transcutaneous SCS companies with both regulatory approval and home-use indication rather than clinic-only trial data. Its patent dispute with Onward Medical, resolved in Aneuvo's favor at the Unified Patent Court, signals a competitive and increasingly commercial transcutaneous stimulation market rather than a purely early-research field.",https://aneuvo.com/,https://www.neurofounders.co/startups/anuevo,https://cdn.prod.website-files.com/69401bfa528d1f131f2aa9ca/6a783ded49dff57cea8063cc_aneuvo_logo.jpeg,onward-medical; spinex; spinally; reach-neuro; setpoint-medical
aora,Aora,United States,Consumer Neurotech,Monitoring; Wellness,2026,Unknown,Multimodal,,,General brain health,,Non-medical,"Developing a behind-the-ear neurofeedback wearable for cognitive load, neural recovery, burnout risk, and real-time brain-state tracking.","Aora appears positioned as an early consumer brain-health wearable around lightweight, continuous mental-state tracking. Its current public materials emphasize pre-order and field-test activity, with limited independent validation or regulatory detail available.",https://aoramind.com,https://www.neurofounders.co/startups/aora,https://cdn.prod.website-files.com/69401bfa528d1f131f2aa9ca/6a41e4cad966792ab75d7b7d_1781883438515.jpeg,muse; neurable; idun-technologies; brainco; sens-ai
apollo-neuro,Apollo Neuro,USA,Consumer Neurotech,Monitoring; Wellness,2018,Series A,VNS,,,Wellness,,Non-medical,"A wearable “touch therapy” device using calming vibrations to enhance stress resilience, focus, and sleep via SmartVibes AI.","Apollo Neuro sits in the consumer wellness segment as a vibrotactile wearable positioned around vagus nerve activation for stress, sleep, and focus, backed by an unusually extensive clinical evidence base for a non-medical device. Its direct-to-consumer distribution and Series A funding differentiate it from clinical neuromodulation companies, though the wellness-grade regulatory pathway limits its clinical credibility ceiling.",https://apolloneuro.com,https://www.neurofounders.co/startups/apollo-neuro,https://cdn.prod.website-files.com/69401bfa528d1f131f2aa9ca/694bc612afc509bfab8411ec_apollo_neuro_logo.jpeg,temple; ctrl-labs; nextsense; neurable; muse
arctop,Arctop,USA,Tools and Infrastructure,Data Infrastructure; Decision Support,2016,Series A,Software,,,Research,,Research only,Developing a hardware-agnostic brain-computer interface platform that decodes neural activity to deliver real-time cognitive and intention metrics via developer APIs and SDKs.,"Arctop is differentiated by its hardware-agnostic positioning, offering a developer-facing SDK that abstracts brain signal decoding across any EEG hardware rather than selling proprietary sensors. This infrastructure-layer approach targets a different buyer than most BCI companies, appealing to gaming, education, and enterprise developers seeking to integrate neural metrics without building neuroscience expertise in-house.",https://arctop.com/,https://www.neurofounders.co/startups/arctop,https://cdn.prod.website-files.com/69401bfa528d1f131f2aa9ca/6951054549d779dd2e6e72b2_arctop_logo.jpeg,nimbus; karavela-ai; netholabs; zander-labs
artiria-medical,Artiria Medical,Switzerland,Tools and Infrastructure,Clinical Workflows; Decision Support,2019,Series A,Endovascular,,,Stroke,,FDA cleared (510k),Developing micro-articulated guidewire systems with dynamic tip manipulation for minimally invasive neurovascular stroke interventions.,"Artiria Medical stands out in the neurovascular tools segment as one of very few startups focused specifically on guidewire navigation rather than thrombectomy devices, giving it a narrower competitive set but a clear procedural pain point. With FDA clearance, 50+ clinical cases, and Series A funding, it sits further along the commercialization curve than most neurotech startups at comparable scale.",https://www.artiria-medical.com,https://www.neurofounders.co/startups/artiria-medical,https://cdn.prod.website-files.com/69401bfa528d1f131f2aa9ca/69cf80dd22331f4b5efb3992_artiria_med_logo.jpeg,sense-neuro-diagnostics; emvision; ceribell; sensome; time-is-brain
atlas,Atlas,USA,Consumer Neurotech,Monitoring; Wellness,2025,Non-dilutive,EEG,,,Wellness,,Non-medical,Developing a behind-the-ear EEG wearable that quantifies cognitive signals such as readiness and focus for real-world monitoring and performance contexts.,"Atlas is positioned as a consumer EEG wearable emphasizing a discrete behind-the-ear form factor that avoids the headband aesthetic typical of competitors like Muse and BrainBit. The grant-funded, wellness-focused product targets behavioral feedback loops linking cognitive state to daily activity, though it remains pre-commercial with no disclosed regulatory or clinical pathway.",https://www.atlaswearable.com,https://www.neurofounders.co/startups/atlas,https://cdn.prod.website-files.com/69401bfa528d1f131f2aa9ca/6990c6deff8f91b70598fcd9_atlaswearable_logo.jpeg,neurable; neurox; nextsense; wisear; idun-technologies
attune-neurosciences,Attune Neurosciences,USA,Neuromodulation,Therapeutics; Closed-loop,2019,Non-dilutive,Ultrasound,,,Psychiatry,,Investigational,"Developing wearable low-intensity focused ultrasound neuromodulation systems for deep-brain targets across chronic pain, depression, and related indications.","Attune Neurosciences sits in the focused ultrasound neuromodulation segment, with a wearable headband format aimed at making deep-brain stimulation more deployable outside hospital-based systems. Its current positioning is clinical-stage and research-backed, with ARPA-H supported work in chronic pain and depression biomarkers.",https://www.attuneneuro.com/,https://www.neurofounders.co/startups/attune-neurosciences,https://cdn.prod.website-files.com/69401bfa528d1f131f2aa9ca/69df7d1aeffdeeb59072849d_attuneneuro_logo.jpg,carthera; sonomind; therasonic; sononeu; navifus
audicin,Audicin,Finland,Consumer Neurotech,Wellness; Experimental,2022,Seed,Light/sound,,,Wellness,,Non-medical,"Providing audio-based nervous system regulation using brainwave entrainment and wearable biometric data across app, headband, and SDK formats.","The product runs as a regulation layer inside existing wearable ecosystems, monetizing through an SDK instead of proprietary hardware, which is a distribution bet as much as a neurotech one. No direct neural measurement sits behind the brainwave-entrainment claims just yet, keeping it at the wellness end of the category despite the neurotech framing.",https://www.audicin.com,https://www.neurofounders.co/startups/audicin,https://cdn.prod.website-files.com/69401bfa528d1f131f2aa9ca/6a720097298dac812b253f32_1760792406927.jpeg,muse; apollo-neuro; elemind; idun-technologies; brnlit-ai
aural-analytics,Aural Analytics,USA,Diagnostics and Assessment,Diagnostics; Monitoring,2015,Acquired,Biomarkers,,,Neurodegenerative,,Investigational,"Delivering clinical-grade, non-invasive speech analytics to assess neurological health and monitor neurodegenerative diseases.","Aural Analytics is best understood as an acquired speech-biomarker capability now embedded within Linus Health's broader multimodal cognitive assessment platform, rather than an independent company. Its differentiation lay in non-invasive vocal analysis for neurological disease detection, a modality that gains more clinical weight when combined with Linus Health's existing digital cognitive tools.",https://auralanalytics.com,https://www.neurofounders.co/startups/aural-analytics,https://cdn.prod.website-files.com/69401bfa528d1f131f2aa9ca/694bc63272f75fec3ee046d3_auralanalytics_logo.jpeg,altoida; evocal-health; winterlight-labs
aurenar,Aurenar,United States,Neuromodulation,Therapeutics; Clinical Workflows,2024,Seed,VNS,,,Stroke,,Investigational,"Developing a non-invasive, single-use transauricular vagus nerve stimulation device to reduce inflammation-driven complications in ICU stroke patients.","Transauricular vagus nerve stimulation gives Aurenar a low-friction entry point into acute ICU care, targeting inflammation-driven secondary brain injury rather than building a broad neuromodulation platform from day one. FDA Breakthrough Device status and pilot data from Washington University carry it further along the translation path than most seed-stage neuromodulation companies typically reach this early.",https://www.aurenar.com,https://www.neurofounders.co/startups/aurenar,https://cdn.prod.website-files.com/69401bfa528d1f131f2aa9ca/6a71fd4f37515f30c161ae5e_1710032127526.jpeg,electrocore; cala-health; spark-biomedical; synergia-medical; xanastim
awear,AWEAR,USA,Consumer Neurotech,Monitoring; Machine Learning,2023,Pre-seed,EEG,,,General brain health,,Non-medical,Developing an ear-worn EEG wearable that tracks brainwave patterns and provides AI-guided stress and emotional-wellness insights.,"AWEAR sits in the consumer mental-wellness wearable segment, using ear-worn EEG as the sensing layer for stress and emotional-state feedback. Its positioning is differentiated by the attempt to make continuous brain monitoring fit into the behavioral loop established by mainstream health wearables.",https://aweartech.com,https://www.neurofounders.co/startups/awear,https://cdn.prod.website-files.com/69401bfa528d1f131f2aa9ca/6a1d4b89dc0c568f4800b516_awear_technologies_us_logo.jpeg,neurable; muse; emotiv; sens-ai; idun-technologies
axoft,Axoft,USA,Brain-Computer Interface,Rehabilitation; OEM,2021,Series A,Intracortical,,,Multi-indication,,Investigational,"Creating ultrasoft, brain‑mimicking implantable interfaces that reduce tissue damage, maintain high electrode density, and enable stable long‑term single‑neuron communication.","Axoft is differentiated by its ultrasoft Fleuron material, which is orders of magnitude more compliant than standard polyimide probes, addressing the chronic tissue-scarring problem that limits long-term signal stability in conventional intracortical implants. With first-in-human cases completed in 2025, it has advanced further into clinical translation than most materials-science-focused BCI startups at seed stage.",https://axoft.us/,https://www.neurofounders.co/startups/axoft,https://cdn.prod.website-files.com/69401bfa528d1f131f2aa9ca/694bc64e668f5889d6c28836_axoftus_logo.jpeg,paradromics; inbrain-neuroelectronics; ability-neurotech; precision-neuroscience; neuroxess
axorus,Axorus,France,Brain-Computer Interface,Assistive Technology; Experimental,2019,Seed,Visual prosthesis,,,Vision,,Preclinical,Developing a retinal prosthesis in the form of a photoacoustic contact lens and laser glasses system to non-invasively restore vision in degenerative blindness.,"Axorus occupies a narrow and technically distinctive position in the visual prosthesis space, using photoacoustic stimulation delivered via a contact-lens-and-glasses system rather than surgically implanted retinal electrodes. This non-invasive approach to retinal stimulation is differentiated from both implantable competitors like Second Sight and cortical visual prostheses, though it remains at the preclinical stage with published proof-of-concept only.",https://www.axorus.com/,https://www.neurofounders.co/startups/axorus,https://cdn.prod.website-files.com/69401bfa528d1f131f2aa9ca/697b5a945715479d9bde9053_1630564366150.jpeg,revision-implant; science-corp; grey-matter-neurosciences; dandelion-science; nuuron
beacon-biosignals,Beacon Biosignals,USA,Tools and Infrastructure,Data Infrastructure; Decision Support,2019,Series B,EEG,,,Multi-indication,,FDA cleared (510k),Accelerating precision neuroscience in clinical trials by capturing and analyzing sleep EEG with AI-powered biomarkers.,"Beacon Biosignals is positioned as the leading pharma-facing EEG analytics platform, using a foundation model trained on millions of hours of sleep EEG data to extract CNS drug biomarkers for clinical trial endpoints. Its $86M Series B, FDA-cleared Waveband device, and partnerships with Takeda and UCB place it among the most commercially advanced neurotech startups in the biopharma services segment.",https://beacon.bio,https://www.neurofounders.co/startups/beacon-biosignals,https://cdn.prod.website-files.com/69401bfa528d1f131f2aa9ca/694bc6af52f8b0cdb36b0792_beaconbiosignals_logo.jpeg,bioserenity; neurosteer; openwater; cumulus-neuroscience; bios-health
biological-input-output-systems,Biological Input Output Systems,USA,Brain-Computer Interface,Assistive Technology; Experimental,2021,Unknown,Nerve stimulator,,,Rehabilitation,,Investigational,Developing an implantable universal neural interface that enables intuitive two-way communication between the nervous system and external devices to restore movement and sensation.,"Biological Input Output Systems is differentiated by targeting the peripheral nervous system rather than the brain for its universal neural interface, avoiding craniotomy while enabling bidirectional prosthetic control through adaptive decoding algorithms. The company remains at an early and opaque stage with limited public disclosure on funding or regulatory progress, making its commercial trajectory difficult to assess.",https://www.biologicinputoutputsystems.com/,https://www.neurofounders.co/startups/biological-input-output-systems,https://cdn.prod.website-files.com/69401bfa528d1f131f2aa9ca/695105c68a2cc46f213d1b59_biologic_input_output_systems_logo.jpeg,neuros-medical; cortec; phantom-neuro; brainco; morph-labs
bioness-medical,Bioness Medical,United States,Neuromodulation,Assistive Technology; Clinical Workflows,2004,Acquired,Nerve stimulator,,,Rehabilitation,,FDA cleared (510k),"Providing functional electrical stimulation and neuromodulation devices for rehabilitation after stroke, spinal cord injury, and other neurological conditions.","Bioness Medical is best understood as a mature rehabilitation-device incumbent rather than an emerging startup, now operating as a private-equity-backed consolidation platform under Accelmed Partners following its 2026 divestiture from Bioventus. Its recent acquisitions of PoNS and Harmonic Bionics position it as an active roll-up aggregator within neuro-rehabilitation rather than a single-product innovator.",https://www.bioness.com,https://www.neurofounders.co/startups/bioness-medical,https://cdn.prod.website-files.com/69401bfa528d1f131f2aa9ca/6a71fe5feee75e63557d2e0b_bioness_inc_logo.jpeg,amber-therapeutics; capri-medical; cala-health; curonix; neurovalens
bios-health,BIOS Health,UK,Tools and Infrastructure,Decision Support; Closed-loop,2015,Series A,Software,,,Multi-indication,,Research only,Advancing precision medicine by interpreting the nervous system’s real-time data using AI-driven neural interfaces.,"BIOS Health is best understood as a neural-data analytics platform targeting pharma rather than patients, using AI to decode real-time neural signals and correlate them with drug and device efficacy at millisecond resolution. This positions it as infrastructure for precision bioelectronic medicine trials rather than a therapeutic product company, with Series A funding and partnerships across chronic disease indications.",https://www.bios.health,https://www.neurofounders.co/startups/bios-health,https://cdn.prod.website-files.com/69401bfa528d1f131f2aa9ca/694bc69072d5b529dbaa8755_bios_health_inc_logo.jpeg,icometrix; sevaro; imeka; neurophet; neuroventis
bioserenity,BioSerenity,France,Diagnostics and Assessment,Diagnostics; Machine Learning,2014,Series B,EEG,,,Multi-indication,,FDA cleared (510k),"Providing connected EEG, sleep, and cardiology monitoring devices paired with an in-house AI foundation model for clinical signal interpretation.","A decade of hospital deployments and an FDA-cleared EEG device give BioSerenity a data and distribution base that few AI-diagnostics entrants can match, now being redirected into its own foundation model, BioSerenity-E1. Routine pre-screening of standard EEGs since December 2025 marks an early, concrete deployment of that model rather than a research demo, a distinction that separates it from earlier-stage EEG foundation model plays.",https://bioserenity.ai,https://www.neurofounders.co/startups/bioserenity,https://cdn.prod.website-files.com/69401bfa528d1f131f2aa9ca/695106a0f038a061ddcef98e_bioserenity_logo.jpeg,beacon-biosignals; neurosteer; openwater; positrigo; bitbrain
bitbrain,Bitbrain,Spain,Tools and Infrastructure,Machine Learning; Data Infrastructure,2010,Series A,EEG,,,Research,,Research only,"Empowering multimodal brain–body research with wearable EEG and biosensor systems, backed by AI-powered data platforms.","Bitbrain is positioned as a multimodal research-hardware company offering synchronized EEG, biosignal, and eye-tracking systems designed for complex experimental workflows requiring 35+ simultaneous sensor channels. Its differentiation lies in hardware modularity and the breadth of simultaneous physiological signals rather than clinical application, placing it firmly in the research-tools market adjacent to g.tec and Brain Products.",https://www.bitbrain.com/,https://www.neurofounders.co/startups/bitbrain,https://cdn.prod.website-files.com/69401bfa528d1f131f2aa9ca/694bc6ced54db68eb5c11298_bitbrain_technologies_logo.jpeg,anthriq; neuroconcise; emotiv; g-tec; kernel
blackrock-neurotech,Blackrock Neurotech,USA,Brain-Computer Interface,OEM; Rehabilitation,2008,Series B,Intracortical,,,Paralysis/motor,,FDA cleared (510k),"Developer of the Utah Array, the first FDA-cleared BCI implant, enabling long-term neural recording and brain-controlled devices.","Blackrock Neurotech is the longest-established intracortical BCI company, with the Utah Array having accumulated more documented long-term human implant data than any competing device in the field. Its Series B funding and FDA Breakthrough Designation position it as the reference platform against which newer implantable BCI entrants are benchmarked, though it faces increasing competitive pressure from companies pursuing less invasive approaches.",https://blackrockneurotech.com/,https://www.neurofounders.co/startups/blackrock-neurotech,https://cdn.prod.website-files.com/69401bfa528d1f131f2aa9ca/694bc6f42c2eb2753512ea49_blackrock_neurotech_logo.jpeg,neuralink; ruten-inc; paradromics; neuroxess; synchron
bottneuro,Bottneuro,Switzerland,Neuromodulation,Monitoring; Therapeutics,2021,Seed,tDCS/tES,,,Dementia/impairment,,Investigational,"Developing a personalized, non-invasive transcranial electrical stimulation system for home-based treatment support in cognitive and neurological disorders.","Bottneuro is differentiated by its MRI-individualized, 3D-printed electrode montage approach to home-based tES, offering a level of stimulation personalization that generic consumer tDCS devices do not attempt. As a University of Basel spin-off with Swiss and UK device registration, it sits in a narrow segment between clinical-grade neuromodulation and consumer brain stimulation products.",http://www.bottneuro.ch,https://www.neurofounders.co/startups/bottneuro,https://cdn.prod.website-files.com/69401bfa528d1f131f2aa9ca/6978e4d96cc662577a6b2bc1_bottneuro_logo.jpeg,clarity; neuroem-therapeutics; sinaptica-therapeutics; neuroelectrics; cognito-therapeutics
brain-q,BRAIN.Q,Israel,Tools and Infrastructure,Therapeutics; Closed-loop,2016,Series B,Software,,,Stroke,,CE-Marked,"Developing non-invasive, AI-driven neuromodulation systems to promote neuroplasticity and functional recovery after neurological injury.","BRAIN.Q is differentiated by its AI-personalized electromagnetic field therapy approach to post-stroke recovery, where stimulation parameters are tailored to individual neural network patterns rather than delivered at fixed protocols. With CE marking, Phase 2 data showing a threefold improvement in functional independence, and Series B funding, it sits among the more clinically advanced non-invasive stroke-recovery platforms.",https://brainqtech.com/,https://www.neurofounders.co/startups/brain-q,https://cdn.prod.website-files.com/69401bfa528d1f131f2aa9ca/695107f6591fbab7ba2fcc28_brainq_technologies_logo.jpeg,cogitat; kandu; cercare-medical; cerebriu; sense-neuro-diagnostics
brainbit,BrainBit,USA,Tools and Infrastructure,OEM; Monitoring,2015,Pre-seed,EEG,,,Wellness,,Non-medical,"Delivering wearable, dry-electrode EEG headbands and SDKs for real-time brain-state monitoring in wellness, gaming, and neurofeedback.","BrainBit is positioned as a low-cost, developer-accessible EEG hardware platform, offering dry-electrode headbands with cross-platform SDK support across six operating systems and Unity. Its primary differentiation is the breadth of its developer toolchain rather than signal quality or clinical validation, placing it in the prototyping and consumer-research tier below medical-grade EEG systems.",https://brainbit.com,https://www.neurofounders.co/startups/brainbit,https://cdn.prod.website-files.com/69401bfa528d1f131f2aa9ca/694bc7493b95db70f449bfee_1631300912590.jpeg,muse; neurosity; sens-ai; emotiv; brainco
braincapture,BrainCapture,Denmark,Diagnostics and Assessment,Diagnostics; Clinical Workflows,2019,Series A,EEG,,,Epilepsy,,CE-Marked,Expanding access to neurological diagnostics by deploying portable EEG systems and telemedicine tools for remote epilepsy detection.,"BrainCapture is differentiated by its explicit focus on affordable, nurse-administered epilepsy EEG in resource-limited settings across Africa and South Asia, a deployment context most EEG companies do not target. With CE Class IIA MDR certification and a 27-channel portable amplifier, it occupies a global-health niche that is commercially smaller but competitively uncontested relative to the ambulatory EEG market in developed economies.",https://braincapture.dk,https://www.neurofounders.co/startups/braincapture,https://cdn.prod.website-files.com/69401bfa528d1f131f2aa9ca/694bc77396cb9760116e6612_1630604795089.jpeg,ceribell; epitel; neurobell; elda-braintech; theta-neurotech
braincheck,BrainCheck,USA,Diagnostics and Assessment,Diagnostics; Clinical Workflows,2014,Series A,Software,,,Dementia/impairment,,FDA cleared (510k),"Providing a software-based cognitive assessment platform for rapid screening, monitoring, and diagnosis support across neurological and mental health conditions.","BrainCheck is positioned as a software-only cognitive screening platform with FDA clearance, targeting rapid in-clinic assessment across dementia, concussion, and general cognitive decline without requiring specialized neuropsychological staff. Its differentiation lies in clinical workflow integration and regulatory status rather than novel biomarker technology, placing it in the digital cognitive assessment tier alongside Cogstate and Cambridge Cognition.",https://www.braincheck.com/,https://www.neurofounders.co/startups/braincheck,https://cdn.prod.website-files.com/69401bfa528d1f131f2aa9ca/695106bcf2356e71b6546114_braincheck_logo.jpeg,cognision; brainsightai; cercare-medical; braintrip; neurotrack
brainco,BrainCo,China,Consumer Neurotech,Assistive Technology; Wellness,2015,Series B,ExG,,,Rehabilitation,,Non-medical,"Developing non-invasive brain-computer interface wearables for cognitive training, education, and assistive control using EEG-based neural signal decoding.",BrainCo spans two distinct product lines ‚Äî a consumer EEG headband for cognitive training and an EMG-driven prosthetics division for upper-limb rehabilitation ‚Äî making it one of the few neurotech companies operating across both the consumer wellness and medical device segments simultaneously. This breadth creates a broader addressable market but diffuses its positioning relative to pure-play competitors in either vertical.,https://www.brainco.tech/,https://www.neurofounders.co/startups/brainco,https://cdn.prod.website-files.com/69401bfa528d1f131f2aa9ca/69510708be114ba3ebc47741_brainco_logo.jpeg,morph-labs; cogitat; cognision; muse; braintrip
brainkey,BrainKey,USA,Neuroimaging,Monitoring; Aging,2018,Seed,(f)MRI,,,General brain health,,Non-medical,Visualizing users' MRI scans in 3D and delivers personalized brain health insights-including brain age and lifestyle recommendations.,"BrainKey is positioned around a consumer-facing brain-age metric derived from AI analysis of standard MRI scans, a concept that straddles wellness and clinical neuroimaging without fully committing to either regulatory pathway. The seed-stage company sits in a segment adjacent to clinical AI neuroimaging tools like Brainomix and BrainQuant but is differentiated by its direct-to-consumer orientation and lifestyle-health framing.",https://www.brainkey.ai,https://www.neurofounders.co/startups/brainkey,https://cdn.prod.website-files.com/69401bfa528d1f131f2aa9ca/694bc78fe6d68eb1e8c4a277_brainkeyai_logo.jpeg,deepspin; neuro42; purple-gaze; comind; connectome-health
brainomix,Brainomix,UK,Neuroimaging,Decision Support; Clinical Workflows,2010,Series C+,Software,,,Stroke,,FDA cleared (510k),"Developing AI-driven neuroimaging software to support rapid, standardized analysis of brain scans for stroke and other neurological conditions.","Brainomix is one of the most commercially advanced AI neuroimaging companies in stroke, with eight FDA clearances, Series C+ funding, and a secondary lung-imaging platform developed in partnership with Boehringer Ingelheim. Its dual-platform strategy across stroke and pulmonary fibrosis is atypical for neurotech companies and diversifies its revenue base, though it also dilutes its positioning as a pure neurotechnology play.",https://www.brainomix.com/,https://www.neurofounders.co/startups/brainomix,https://cdn.prod.website-files.com/69401bfa528d1f131f2aa9ca/6951078ddc6d668f9a449b78_brainomix_logo.jpeg,cercare-medical; cerebriu; ceribell; cogitat; sevaro
brainpatch,BrainPatch,UK,Consumer Neurotech,Wellness; Therapeutics,2018,Seed,tDCS/tES,,,Wellness,,Non-medical,Developing a non-invasive neurostimulation headset that induces meditative states to support stress reduction and mental wellness.,"BrainPatch sits in the consumer neurostimulation wellness segment with a multimodal headset combining vagus nerve stimulation, vestibular stimulation, and auditory activation for meditation and stress reduction. Its CE-marked, direct-to-consumer positioning places it among a growing cohort of wellness-grade brain-stimulation devices, though the combination of three stimulation modalities in one device is technically distinctive relative to single-modality competitors.",https://brainpatch.ai//,https://www.neurofounders.co/startups/brainpatch,https://cdn.prod.website-files.com/69401bfa528d1f131f2aa9ca/697b59095f9fdaab4220ff41_1630586585163.jpeg,mave-health; fisher-wallace-labs; marbles-health; neuroelectrics; flow-neuroscience
brainphonics,Brainphonics,Belgium,Diagnostics and Assessment,Diagnostics; Decision Support,2024,Non-dilutive,EEG,,,Auditory,,Investigational,Developing EEG-based objective hearing assessment software that maps brain responses to speech and everyday sounds.,"Brainphonics is best understood as a clinical audiology tool built on neural speech tracking, a niche that sits apart from the broader EEG diagnostics space by targeting objective hearing assessment in non-cooperating populations. Its KU Leuven pedigree and clinical validation at UZ Leuven position it closer to translation than most grant-stage EEG startups, though commercialization remains early.",https://brainphonics.com,https://www.neurofounders.co/startups/brainphonics,https://cdn.prod.website-files.com/69401bfa528d1f131f2aa9ca/69ce7e2717e99c2d92dab37c_corgee_hearing_logo.jpeg,cognixion; aural-analytics; control-bionics; neuromod; corticale
brainquant,Brainquant,Switzerland,Neuroimaging,Diagnostics; Aging,2025,Pre-seed,(f)MRI,,,Dementia/impairment,,Preclinical,Developing AI-powered MRI software for early non-invasive detection and diagnosis of neurodegenerative diseases.,"BrainQuant appears positioned to fill a specific gap in the dementia diagnostics pipeline by offering a software-only ASL-MRI analysis layer that approximates PET-level perfusion data without radioactive tracers. As a freshly launched Wyss Center spin-off with no external funding round, it sits at the earliest stage of commercial translation in a competitive AI neuroimaging field.",https://www.brainquant.ch,https://www.neurofounders.co/startups/brainquant,https://cdn.prod.website-files.com/69401bfa528d1f131f2aa9ca/69ce7b6f00cd728b5be6db5f_brainquant_logo.jpeg,brainsightai; cercare-medical; linus-health; neurotrack; altoida
brainscan,BrainScan,Poland,Neuroimaging,Decision Support; Clinical Workflows,2016,Seed,Software,,,Multi-indication,,CE-Marked,Providing AI-assisted analysis of non-contrast brain CT scans to detect and prioritize intracranial pathologies for clinical workflows.,"BrainScan is positioned as a broad-spectrum AI brain CT analyzer detecting 30 pathologies from non-contrast scans, a wider diagnostic scope than most competitors that focus on single conditions like stroke or hemorrhage. With CE Class IIa marking and a hardware-agnostic SaaS delivery model, it targets integration into existing radiology workflows across European and UK hospital systems.",https://www.brainscan.ai/,https://www.neurofounders.co/startups/brainscan,https://cdn.prod.website-files.com/69401bfa528d1f131f2aa9ca/697b5316d23231bc74d67c76_brainscan_ai_logo.jpeg,cordance-medical; cahira-technologies; cercare-medical; cerebriu
brainscope,BrainScope,USA,Diagnostics and Assessment,Diagnostics; Decision Support,2006,Series B,EEG,,,Head injury,,FDA cleared (510k),Developing non-invasive EEG-based diagnostic devices to rapidly assess traumatic brain injury and support clinical decision-making at the point of care.,"BrainScope holds the distinction of being one of the first FDA-approved AI/ML devices in neurology, with its EEG-based traumatic brain injury assessment demonstrating 99% sensitivity for intracranial hemorrhage detection and documented 50% reductions in unnecessary CT scans at major health systems. Its PMA-level regulatory status is a significant competitive moat in the point-of-care brain injury assessment segment.",https://www.brainscope.com/,https://www.neurofounders.co/startups/brainscope,https://cdn.prod.website-files.com/69401bfa528d1f131f2aa9ca/695108430a4fe4e0243fbaf4_brainscope_logo.jpeg,sense-neuro-diagnostics; oculogica; neuro42; ceribell; braintrip
brainsightai,BrainSightAI,India,Neuroimaging,Decision Support; Clinical Workflows,2019,Seed,(f)MRI,,,Multi-indication,,Other approval,"Generating personalized, AI-based connectome maps from MRI (VoxelBox) to support surgical planning and psychiatric diagnostics.","BrainSightAI is differentiated by its AI-driven connectome mapping from standard MRI data, serving a primarily Indian hospital network of 40+ institutions for surgical planning and psychiatric diagnostics. Its regional positioning in an underserved neurosurgery market gives it a distinct deployment context from US- and Europe-focused neuroimaging AI companies, though it limits near-term addressable market scale.",https://www.brainsightai.com,https://www.neurofounders.co/startups/brainsightai,https://cdn.prod.website-files.com/69401bfa528d1f131f2aa9ca/694bc7a6486cf10d66a2a16b_brainsightai_logo.jpeg,cercare-medical; cognision; braincheck; braintrip; ceribell
brainsway,BrainsWay,Israel,Neuromodulation,Therapeutics; Clinical Workflows,2003,Public,TMS,,,Psychiatry,,FDA cleared (510k),Developing non-invasive deep transcranial magnetic stimulation systems for the treatment of psychiatric and neurological disorders.,"BrainsWay is the most broadly FDA-cleared deep TMS company, with distinct clearances across MDD, OCD, smoking cessation, and anxiety, plus a recent adolescent expansion, giving it the widest approved indication set of any TMS system on the market. As a publicly traded company with established clinical reimbursement pathways, it is best understood as an incumbent platform in non-invasive psychiatric neuromodulation rather than an emerging startup.",https://www.brainsway.com/,https://www.neurofounders.co/startups/brainsway,https://cdn.prod.website-files.com/69401bfa528d1f131f2aa9ca/695108c4ba674be83372511f_brainsway_logo.jpeg,ampa-health; nexstim; magnus-medical; neuroelectrics; wave-neuroscience
braintrip,BrainTrip,Slovenia,Diagnostics and Assessment,Data Infrastructure; Machine Learning,2019,Seed,EEG,,,Dementia/impairment,,CE-Marked,Providing EEG-based brain mapping and neurofeedback software to support personalized assessment and training of brain function.,"BrainTrip sits in the practitioner-facing neurofeedback software segment, translating quantitative EEG data into brain maps and personalized training protocols for clinicians, coaches, and performance practitioners. Its positioning is best understood as clinical workflow tooling for the existing neurofeedback practitioner base rather than a novel biomarker or therapeutic platform.",https://braintrip.net/,https://www.neurofounders.co/startups/braintrip,https://cdn.prod.website-files.com/69401bfa528d1f131f2aa9ca/6951091db35f8760f5e211d7_braintrip_logo.jpeg,retispec; viewmind; vistim-labs; cognision; braincheck
brnlit-ai,BRNLIT AI,Switzerland,Consumer Neurotech,Wellness; Monitoring,2025,Pre-seed,Light/sound,,,Wellness,,Non-medical,Consumer app that uses a one-time personalized EEG measurement to generate AI-tailored light signals intended to improve focus and mental performance.,"BRNLIT AI sits in the lightweight consumer neuro-personalization segment, using a one-time EEG measurement to generate tailored light signals for focus and performance. It is more of a personalized wellness app concept than a defensible neurotechnology platform at this stage.",https://www.brnlit.ai/en,https://www.neurofounders.co/startups/brnlit-ai,https://cdn.prod.website-files.com/69401bfa528d1f131f2aa9ca/69d37fca8e51f664db653ce5_brnlit_ai_logo.jpeg,vagustim; braincapture; eysz; kneu-health; idun-technologies
bia-neuroscience,Bía Neuroscience,Canada,Consumer Neurotech,Monitoring; Closed-loop,2021,Bootstrapped,fNIRS,,,Sleep,,Non-medical,Developing a smart sleep mask that uses fNIRS-based neurofeedback and audio cues to monitor and improve sleep quality.,"Bía Neuroscience sits in the consumer sleep neurotechnology segment, where brain sensing is used to support wellness-oriented sleep feedback and personalization. Its positioning is differentiated by the use of fNIRS in a sleep-mask form factor, placing it closer to adaptive sleep wearables than conventional EEG-based sleep trackers.",https://getbia.com,https://www.neurofounders.co/startups/bia-neuroscience,https://cdn.prod.website-files.com/69401bfa528d1f131f2aa9ca/6a1d296aa94d30f13b0edc68_bianeuroscience_logo.jpeg,somnee; mendi; muse; nextsense; idun-technologies
cadence-neuroscience,Cadence Neuroscience,USA,Neuromodulation,Therapeutics; Closed-loop,2017,Series B,Multimodal,,,Epilepsy,,Investigational,Developing an implantable neuromodulation therapy for drug-resistant focal epilepsy using personalized cortical stimulation and brain-activity monitoring.,"Cadence Neuroscience sits in the implanted epilepsy neuromodulation segment, with chronic subthreshold cortical stimulation used to personalize therapy around patient-specific brain activity. Its positioning is differentiated by a reversible cortical stimulation approach for focal drug-resistant epilepsy, placing it alongside established implantable epilepsy therapies while using a distinct stimulation strategy.",https://www.cadenceneuro.com,https://www.neurofounders.co/startups/cadence-neuroscience,https://cdn.prod.website-files.com/69401bfa528d1f131f2aa9ca/6a1d58bd9064a2b62872cee8_cadence_neuroscience_inc_logo.jpeg,neuropace; cortec; precisis; epiminder; epia-neuro
cahira-technologies,Cahira Technologies,USA,Brain-Computer Interface,Experimental; Therapeutics,2025,Seed,Others,,,Multi-indication,,Preclinical,"Developing autonomous, non-surgical nanoelectronic brain implants that self-deploy in target regions to treat neural disorders and enable human augmentation.","Cahira Technologies is positioned at the speculative frontier of nanoelectronic neural interfaces, proposing self-deploying, non-surgical implants that bypass traditional neurosurgical constraints entirely. This approach, if technically viable, would represent a step-change relative to both intracortical and endovascular BCIs, though the company remains at a highly conceptual preclinical stage with significant unanswered questions around targeting precision, safety, and regulatory feasibility.",https://www.linkedin.com/company/cahiratech/,https://www.neurofounders.co/startups/cahira-technologies,https://cdn.prod.website-files.com/69401bfa528d1f131f2aa9ca/694bc7e12161496acc11b84e_cahiratech_logo%20(1).jpeg,subsense-inc; clee-medical; machinemd; artiria-medical; brainscan
cala-health,Cala Health,USA,Neuromodulation,Monitoring; Therapeutics,2014,Series C+,Nerve stimulator,,,Parkinson's,,FDA cleared (510k),"Pioneering wearable, wrist-based neuromodulation (TAPS) to reduce essential tremor by delivering patient-specific stimulation to the median and radial nerves.","Cala Health occupies a well-defined niche in peripheral neuromodulation with its wrist-worn TAPS therapy, offering patient-specific stimulation for essential tremor without invasive procedures. With FDA clearance and commercial traction, it sits ahead of most wearable neuromodulation startups, though its indication-specific focus limits platform extensibility compared to broader neuromodulation systems.",https://calahealth.com,https://www.neurofounders.co/startups/cala-health,https://cdn.prod.website-files.com/69401bfa528d1f131f2aa9ca/694bc7f9ccc0a15298c723bd_cala_health_inc_logo.jpeg,encora-therapeutics; cionic; empatica; rune-labs; great-lakes-neurotech
cambridge-cognition,Cambridge Cognition,United Kingdom,Diagnostics and Assessment,Diagnostics; Monitoring,2002,Public,Biomarkers,,,Multi-indication,,FDA cleared (510k),"Providing validated digital cognitive and voice assessments for CNS clinical trials, brain health research, and memory impairment screening.","Cambridge Cognition sits in the established digital neuroassessment layer for CNS research and clinical trial infrastructure. Its position is differentiated by the long-running CANTAB evidence base, public-market status, and expansion into voice and high-frequency digital biomarkers.",https://cambridgecognition.com,https://www.neurofounders.co/startups/cambridge-cognition,https://cdn.prod.website-files.com/69401bfa528d1f131f2aa9ca/6a41e2d9fbb5d60e2ba27df3_cambridge_cognition_logo.jpeg,altoida; beacon-biosignals; aural-analytics; cumulus-neuroscience; neuralight
cambridge-neurotech,Cambridge NeuroTech,UK,Tools and Infrastructure,Data Infrastructure; OEM,2013,Non-dilutive,Multimodal,,,Research,,Research only,Delivering high-channel-count silicon neural probes and ultra-small headstages enabling artifact-free electrophysiology and optogenetics.,"Cambridge NeuroTech is best understood as a next-generation neural interface hardware supplier, competing in the high-channel-count silicon probe market alongside imec and NeuroNexus. Its differentiation lies in ultra-small headstages and artifact-free recording capabilities, though its positioning remains firmly in the research-tools ecosystem rather than clinical translation.",https://www.cambridgeneurotech.com,https://www.neurofounders.co/startups/cambridge-neurotech,https://cdn.prod.website-files.com/69401bfa528d1f131f2aa9ca/694bc81b5babcc4e4abf3a34_cambridge_neurotech_ltd_logo.jpeg,open-neurotech; openbci; 3brain; orbit; g-tec
capri-medical,Capri Medical,Ireland,Neuromodulation,Experimental; Closed-loop,2018,Seed,Nerve stimulator,,,Pain/migraine,,Investigational,"Developing an injectable, wireless implantable neurostimulation platform for peripheral nerve modulation, designed to move neuromodulation procedures into outpatient settings.","Capri Medical is targeting a procedural shift in neuromodulation by enabling injectable, wireless implants that move nerve stimulation into outpatient settings, reducing surgical burden. This minimally invasive approach positions it between traditional implantable systems and external wearables, though it remains early-stage with no clinical validation yet.",https://www.capri-medical.com/,https://www.neurofounders.co/startups/capri-medical,https://cdn.prod.website-files.com/69401bfa528d1f131f2aa9ca/697b54d2e8ee00054c66290d_capri_medical_logo.jpeg,neuronoff; nalu-medical; salvia-bioelectronics; neuros-medical; cefaly
carthera,Carthera,France,Tools and Infrastructure,Therapeutics; Experimental,2010,Series B,Ultrasound,,,Other,,Investigational,Developing implantable ultrasound devices that transiently open the blood-brain barrier to support drug delivery for glioblastoma and CNS disorders.,"Carthera sits at the interface of focused ultrasound, neuro-oncology, and CNS drug delivery infrastructure. Its SonoCloud platform is differentiated by an implantable BBB-opening approach and a registrational glioblastoma trial, giving it a more clinically advanced profile than most ultrasound delivery platforms.",https://carthera.eu,https://www.neurofounders.co/startups/carthera,https://cdn.prod.website-files.com/69401bfa528d1f131f2aa9ca/6a41e753123658afbee3092f_carthera_logo.jpeg,sononeu; sonomind; attune-neurosciences; navifus; therasonic
cefaly,Cefaly,Belgium,Neuromodulation,Monitoring; Experimental,2004,Unknown,Nerve stimulator,,,Pain/migraine,,FDA cleared (510k),"Delivering FDA-cleared, over-the-counter external trigeminal nerve stimulation to acutely treat and prevent migraines without drugs.","Cefaly is one of the most commercially established players in consumer-accessible neuromodulation, with OTC trigeminal nerve stimulation for migraine backed by regulatory clearance and direct-to-consumer distribution. Its strong brand and clinical validation create a defensible position, though its modality is limited to a single nerve target compared to broader neuromodulation platforms.",https://www.cefaly.com,https://www.neurofounders.co/startups/cefaly,https://cdn.prod.website-files.com/69401bfa528d1f131f2aa9ca/694bc8507fc04de85fae26e1_1725253218576.jpeg,neuros-medical; theranica; nalu-medical; neuronoff; salvia-bioelectronics
cerca-magnetics,Cerca Magnetics,UK,Neuroimaging,Diagnostics; Monitoring,2020,Series A,MEG,,,Research,,Research only,Developing a wearable OPM-MEG brain imaging system for non-invasive functional brain mapping across research and clinical neurology.,"Cerca Magnetics sits in the emerging OPM-MEG segment, where quantum sensing is being used to make functional brain imaging more adaptable and participant-tolerant. Its positioning is strategically notable because it addresses one of MEG’s core infrastructure constraints: the dependence on large, fixed scanner systems.",https://www.cercamagnetics.com,https://www.neurofounders.co/startups/cerca-magnetics,https://cdn.prod.website-files.com/69401bfa528d1f131f2aa9ca/6a1d57ce14941b548d1a7283_1630578471673.jpeg,myndspan; tiposi; neuro42; emvision; iconeus
cercare-medical,Cercare Medical,Denmark,Neuroimaging,Decision Support; Clinical Workflows,2013,Series A,CT,,,Stroke,,CE-Marked,Transforming CT and MRI scans into fully automated perfusion maps and advanced microvascular biomarkers to guide stroke and neuro-oncology care.,"Cercare Medical is differentiated by its focus on advanced perfusion and microvascular biomarkers derived from standard CT/MRI scans, offering deeper physiological insights than conventional imaging analysis tools. Positioned in stroke and neuro-oncology workflows, it competes with Brainomix and RapidAI but emphasizes proprietary biomarker depth over workflow breadth.",https://cercare-medical.com,https://www.neurofounders.co/startups/cercare-medical,https://cdn.prod.website-files.com/69401bfa528d1f131f2aa9ca/694bc86c199524623f282b92_cercare_medical_logo.jpeg,cerebriu; brainsightai; brainomix; cognision; braincheck
cerebriu,Cerebriu,Denmark,Neuroimaging,Decision Support; Clinical Workflows,2018,Series A,(f)MRI,,,Stroke,,CE-Marked,"Delivering real-time AI-driven MRI workflows, detecting brain infarcts, hemorrhages, and tumors mid-scan to adapt protocols and prioritize urgent cases.","Cerebriu is positioned around real-time, in-scanner AI analysis, enabling adaptive MRI workflows that prioritize urgent findings before scan completion. This intra-scan decision-making capability differentiates it from post-processing imaging software, though adoption depends heavily on integration with existing MRI vendor ecosystems.",https://www.cerebriu.com,https://www.neurofounders.co/startups/cerebriu,https://cdn.prod.website-files.com/69401bfa528d1f131f2aa9ca/694bc88dfcac815e0874ddad_cerebriu_logo.jpeg,cercare-medical; brainomix; ceribell; cogitat; sevaro
ceregate,CereGate,Germany,Neuromodulation,Closed-loop; Therapeutics,2019,Series A,Software,,,Parkinson's,,Investigational,Developing a software-driven computer-brain interface platform that augments neuromodulation implants to enable communication and therapy personalization.,"CereGate sits in the emerging “software layer for implants” category, augmenting existing neuromodulation devices with communication and adaptive control capabilities rather than developing hardware itself. This platform approach allows it to piggyback on installed DBS infrastructure, though it is dependent on partnerships with device manufacturers for scale.",https://www.ceregate.com/,https://www.neurofounders.co/startups/ceregate,https://cdn.prod.website-files.com/69401bfa528d1f131f2aa9ca/695109c029e929857a05312b_ceregate_logo.jpeg,farow; mon4t; machine-medicine; neuralight; kneu-health
cerevia-neurosciences,Cerevia Neurosciences,USA,Neuromodulation,Therapeutics; Closed-loop,2025,Non-dilutive,TMS,,,Dementia/impairment,,Preclinical,Developing a non-invasive fMRI-guided TMS platform for closed-loop neuromodulation in dementia and cognitive impairment.,"Cerevia Neurosciences sits in early-stage therapeutic neuromodulation for dementia, combining fMRI-guided targeting, TMS, and adaptive stimulation logic. Its positioning is differentiated by the attempt to bring imaging-informed network modulation into a compact clinical platform for cognitive impairment.",https://cerevia.care,https://www.neurofounders.co/startups/cerevia-neurosciences,https://cdn.prod.website-files.com/69401bfa528d1f131f2aa9ca/6a1d599958dcb589765dca65_1758594312492.jpeg,cognito-therapeutics; clarity; sinaptica-therapeutics; nexstim; brainsway
ceribell,Ceribell,USA,Diagnostics and Assessment,Diagnostics; Monitoring,2014,Public,EEG,,,Epilepsy,,FDA cleared (510k),Developing rapid-response EEG systems and AI software to enable fast detection of seizures and status epilepticus at the point of care.,"Ceribell is one of the most commercially successful rapid-EEG companies, with a point-of-care system enabling seizure detection in minutes rather than hours, directly addressing ICU bottlenecks. Its FDA-cleared AI + hardware stack and strong hospital adoption position it as a category leader in acute neurodiagnostics.",https://www.ceribell.com/,https://www.neurofounders.co/startups/ceribell,https://cdn.prod.website-files.com/69401bfa528d1f131f2aa9ca/69510a45020c3881f152c1a8_ceribell_logo.jpeg,kandu; cogitat; brainomix; braincapture; cercare-medical
charco-neurotech,Charco Neurotech,UK,Neuromodulation,Therapeutics; Experimental,2019,Series A,Others,,,Parkinson's,,CE-Marked,Developing a non-invasive wearable device (CUE1) that uses vibrotactile stimulation to improve motor symptoms in Parkinson’s patients.,"Charco Neurotech targets Parkinson’s symptom management via vibrotactile cueing, addressing gait freezing and motor symptoms without invasive intervention. Its wearable-first approach differentiates it from pharmacological and DBS treatments, though clinical efficacy remains under validation relative to established therapies.",https://charconeurotech.com/,https://www.neurofounders.co/startups/charco-neurotech,https://cdn.prod.website-files.com/69401bfa528d1f131f2aa9ca/697b596ed23231bc74d803b1_charcoltd_logo.jpeg,encora-therapeutics; cala-health; cionic; rune-labs; empatica
cionic,Cionic,USA,Neuromodulation,Therapeutics; Closed-loop,2018,Series A,Motor prosthetics,,,Multi-indication,,FDA cleared (510k),Developing an FDA-cleared wearable functional electrical stimulation sleeve that uses sensors and adaptive stimulation to improve gait in neurological mobility impairment.,"Cionic is positioned in functional electrical stimulation wearables, with a strong focus on adaptive gait correction using real-time sensor feedback. Its FDA clearance and consumer-friendly sleeve form factor place it ahead of many rehabilitation startups, though it competes with both clinical FES systems and emerging soft robotics solutions.",http://cionic.com,https://www.neurofounders.co/startups/cionic,https://cdn.prod.website-files.com/69401bfa528d1f131f2aa9ca/697b566a236c96f939c5928c_cionic_logo.jpeg,kandu; encora-therapeutics; cala-health; charco-neurotech; rune-labs
clarity,Clarity,USA,Neuromodulation,Aging; Therapeutics,2022,Series A,Light/sound,,,Dementia/impairment,,Investigational,Developing a non-invasive headset using 40 Hz light and sound stimulation to restore brain rhythms in Alzheimer’s and related disorders,"Clarity operates in the growing gamma-stimulation segment for Alzheimer’s, using 40 Hz audiovisual entrainment to target disease-modifying pathways. It sits alongside Cognito Therapeutics but remains earlier-stage, with differentiation primarily around device design and delivery rather than underlying biological mechanism.",https://www.clarity-technologies.com/,https://www.neurofounders.co/startups/clarity,https://cdn.prod.website-files.com/69401bfa528d1f131f2aa9ca/694bc8fa0f37be7700a21805_clarity_digital_brain_clinic_logo.jpeg,cognito-therapeutics; grey-matter-neurosciences; neuroem-therapeutics; bottneuro
clee-medical,Clee Medical,Switzerland,Tools and Infrastructure,OEM; Clinical Workflows,2024,Seed,Others,,,Multi-indication,,Preclinical,"Developing ultra-high-resolution intraoperative imaging with AI navigation to enable minimally invasive, precise brain surgery.","Clee Medical is positioned in intraoperative imaging and navigation, aiming to improve surgical precision through high-resolution imaging combined with AI guidance. As an early-stage entrant, it competes with established surgical navigation systems but focuses on increasing resolution and minimally invasive applicability.",https://www.cleemedical.com/,https://www.neurofounders.co/startups/clee-medical,https://cdn.prod.website-files.com/69401bfa528d1f131f2aa9ca/694bc956614b475c96af5d99_1728994312424.jpeg,omniscient; sensome; sense-neuro-diagnostics; cercare-medical; cerebriu
coapt,Coapt,USA,Tools and Infrastructure,Machine Learning; Assistive Technology,2012,Acquired,EMG,,,Rehabilitation,,FDA cleared (510k),"Developing AI-powered myoelectric control software that enables intuitive, adaptive control of prosthetic limbs.","Coapt is best understood as a software-first prosthetics control company, using pattern-recognition EMG to enable intuitive, adaptive limb control without requiring new hardware. Its acquisition reflects strong validation, and it remains a key enabler layer within the broader prosthetics ecosystem.",https://coaptengineering.com/,https://www.neurofounders.co/startups/coapt,https://cdn.prod.website-files.com/69401bfa528d1f131f2aa9ca/69510ac36a465ec82c9eae6c_coapt_logo.jpeg,control-bionics; onward-medical; synaptrix-labs; spinex; morph-labs
cogitat,Cogitat,UK,Tools and Infrastructure,Machine Learning; Data Infrastructure,2020,Seed,EEG,,,Multi-indication,,Unknown,Developing AI-driven EEG decoding software to enable device-agnostic brain-computer interaction and neural signal interpretation.,"Cogitat is positioned as a device-agnostic EEG decoding layer, similar to Arctop but with a stronger assistive technology focus in stroke and rehabilitation. Its value lies in abstracting signal interpretation, though differentiation depends on model performance and clinical validation rather than hardware innovation.",https://cogitat.io/,https://www.neurofounders.co/startups/cogitat,https://cdn.prod.website-files.com/69401bfa528d1f131f2aa9ca/69510b0ca9e2df943246a7b3_cogitat_logo.jpeg,
cognision,Cognision,USA,Neuroimaging,Diagnostics; Clinical Workflows,2004,Series C+,EEG,,,Dementia/impairment,,FDA cleared (510k),"Providing an FDA-cleared portable ERP/EEG system for objective assessment of cognitive impairment in dementia, concussion, and TBI.","Cognision occupies a unique position in ERP-based cognitive diagnostics, offering objective EEG-derived metrics rather than subjective cognitive testing. Its FDA clearance provides a regulatory moat, though adoption depends on clinician willingness to integrate EEG into routine assessment workflows.",https://www.cognision.com/,https://www.neurofounders.co/startups/cognision,https://cdn.prod.website-files.com/69401bfa528d1f131f2aa9ca/694bc98866f40e1da7ecc8ea_1631300636754.jpeg,brainsightai; cercare-medical; braincheck; braintrip; vistim-labs
cognito-therapeutics,Cognito Therapeutics,USA,Neuromodulation,Aging; Therapeutics,2016,Series C+,Light/sound,,,Dementia/impairment,,Investigational,"Evoking gamma brain waves via light and sound headset to slow Alzheimer’s progression, slowing cognitive decline, atrophy, and functional loss.","Cognito Therapeutics is one of the most advanced companies in the gamma entrainment space, with clinical evidence suggesting disease-modifying effects in Alzheimer’s. Its Series C+ funding and clinical progress position it as a leading non-invasive therapeutic contender, though long-term efficacy remains under investigation.",https://www.cognitotx.com,https://www.neurofounders.co/startups/cognito-therapeutics,https://cdn.prod.website-files.com/69401bfa528d1f131f2aa9ca/694bc9bc7aac968f3408ad4e_cognito_therapeutics_inc_logo.jpeg,clarity; grey-matter-neurosciences; neuroem-therapeutics; bottneuro; cognision
cognixion,Cognixion,USA,Brain-Computer Interface,Assistive Technology; AR/VR,2014,Seed,EEG,,,Paralysis/motor,,Investigational,"Empowering communication with a wireless AR headset that blends non-invasive EEG, AI, and augmented reality to help users speak and interact.","Cognixion combines EEG with AR interfaces to create a multimodal communication system for patients with severe motor impairment, positioning it beyond traditional BCIs. Its differentiation lies in integrating interface and decoding into a single product, though it remains early-stage.",https://www.cognixion.com/,https://www.neurofounders.co/startups/cognixion,https://cdn.prod.website-files.com/69401bfa528d1f131f2aa9ca/694bcbb9354b4aa9fc88a0c0_cognixion_logo.jpeg,brainphonics; control-bionics; paradromics; fluent-bci; axoft
cognoa,Cognoa,USA,Diagnostics and Assessment,Pediatric; Diagnostics,2013,Series B,Software,,,Psychiatry,,Other approval,"Providing AI-powered tools (Canvas Dx) for rapid, equitable autism diagnosis in young children, and is developing digital therapeutics to improve behavioral health","Cognoa is one of the few FDA-approved digital diagnostic companies in pediatric neurology, with Canvas Dx enabling early autism detection via software. Its regulatory status and clinical validation give it a strong position, though reimbursement and adoption remain key scaling factors.",https://cognoa.com,https://www.neurofounders.co/startups/cognoa,https://cdn.prod.website-files.com/69401bfa528d1f131f2aa9ca/694bcbd8ee2ff8e7c35693b3_cognoa_logo.jpeg,braincheck; cognision; brainsightai; braintrip; cercare-medical
cogwear,Cogwear,USA,Tools and Infrastructure,Monitoring; Decision Support,2019,Seed,EEG,,,Research,,Research only,"Developing EEG-based wearable systems for cognitive performance monitoring in high-demand operational environments including military, aviation, and first responders.","Cogwear occupies the defence and high-stakes operational environment cognitive monitoring niche, differentiating from consumer EEG companies through ruggedised hardware and enterprise/government deployment contexts. This is a commercially viable but niche segment where DARPA and defence agency contracts can provide early revenue without requiring broad clinical adoption.",https://www.cogweartech.com/,https://www.neurofounders.co/startups/cogwear,https://cdn.prod.website-files.com/69401bfa528d1f131f2aa9ca/69df88a6b225eb82b9374447_cogwear_logo.jpg,zander-labs; g-tec; emotiv; bitbrain; pison-technology
coherence-neuro,Coherence Neuro,UK,Neuromodulation,Closed-loop; Therapeutics,2022,Series A,Others,,,Tumors,,Investigational,"Implementing precision bioelectronic therapy with SOMA-1, an implant during glioblastoma surgery that continuously monitors and disrupts tumor-driving electrical signals.","Coherence Neuro sits at the intersection of oncology and neurotechnology, using bioelectronic implants to modulate tumor-associated electrical activity in glioblastoma. This is a highly novel approach with limited precedent, placing it in a high-risk, high-reward translational category.",https://coherenceneuro.com,https://www.neurofounders.co/startups/coherence-neuro,https://cdn.prod.website-files.com/69401bfa528d1f131f2aa9ca/694bcbf25131884378a361bd_coherenceneuro_logo.jpeg,qv-bioelectronics; neurosoft-bioelectronics; wise; cordance-medical; nia-therapeutics
comind,CoMind,UK,Neuroimaging,Monitoring; Clinical Workflows,2018,Series A,Light/sound,,,General brain health,,Investigational,"Developing a non-invasive infrared-based brain monitoring system to provide real-time cerebral perfusion, autoregulation, and intracranial pressure insights in critical care.","CoMind is differentiated by its focus on continuous cerebral hemodynamics monitoring using infrared sensing, targeting ICU and critical care settings. It sits adjacent to invasive ICP monitoring but offers a non-invasive alternative, though clinical validation will determine adoption.",https://www.comind.io/,https://www.neurofounders.co/startups/comind,https://cdn.prod.website-files.com/69401bfa528d1f131f2aa9ca/69510c386c7364845bbdf807_1661973511336.jpeg,sens-ai; neuro42; brainkey; deepspin; optohive
connectoma-neurotech,Connectoma Neurotech,Spain,Neuromodulation,Therapeutics; Machine Learning,2024,Pre-seed,TMS,,,Psychiatry,,Unknown,Developing AI- and fMRI-guided TMS protocols for personalized treatment of resistant depression and related psychiatric conditions.,"Connectoma Neurotech appears positioned around protocol and targeting personalization rather than proprietary stimulation hardware. Its current placement is early clinical deployment, with public validation still relying more on adjacent accelerated TMS literature than company-specific outcomes.",https://www.connectoma.com,https://www.neurofounders.co/startups/connectoma-neurotech,https://cdn.prod.website-files.com/69401bfa528d1f131f2aa9ca/6a41e0fa971bc3c155ef8195_connectoma_neurotech_logo.jpeg,wave-neuroscience; magnus-medical; brainsway; ampa-health; sinaptica-therapeutics
connectome-health,Connectome Health,United Kingdom,Consumer Neurotech,Monitoring; Aging,2024,Seed,fNIRS,,,General brain health,,Non-medical,"Delivering fast, non-invasive fNIRS brain scans with AI insights to track cognitive focus, memory, resilience, and longevity in real time.","Connectome Health positions itself in consumer fNIRS neuroimaging, translating traditionally lab-bound technology into real-time cognitive metrics for individuals. Its wellness framing expands accessibility but limits clinical credibility and reimbursement pathways.",https://www.connectome.health,https://www.neurofounders.co/startups/connectome-health,https://cdn.prod.website-files.com/69401bfa528d1f131f2aa9ca/69cd1d48f512855dc7b62ef1_connectome_health_logo%20(1).jpeg,mendi; muse; kernel; neuronic; earable-neuroscience
control-bionics,Control Bionics,Australia,Tools and Infrastructure,Assistive Technology; Closed-loop,2006,Public,EMG,,,Paralysis/motor,,FDA cleared (510k),Developing assistive communication technologies that enable individuals with severe physical disabilities to interact with computers and speech-generating devices.,"Control Bionics is positioned as a clinically validated assistive communication company leveraging EMG-based interfaces to enable interaction for patients with severe motor impairment. Its FDA-cleared systems and long operating history place it among the more mature players in non-invasive assistive neurotech, though its technology is evolutionary rather than paradigm-shifting.",https://www.controlbionics.com/,https://www.neurofounders.co/startups/control-bionics,https://cdn.prod.website-files.com/69401bfa528d1f131f2aa9ca/69510c98071292cdd82def86_control_bionics_logo.jpeg,coapt; brainphonics; onward-medical; synaptrix-labs; cognixion
cordance-medical,Cordance Medical,USA,Neuromodulation,Therapeutics; Diagnostics,2018,Seed,Ultrasound,,,Multi-indication,,Preclinical,Developing a non-invasive focused ultrasound platform to precisely open the blood–brain barrier and enable targeted drug delivery and brain diagnostics.,"Cordance Medical sits in the emerging focused ultrasound segment targeting blood–brain barrier opening for drug delivery, a modality gaining traction in oncology and neurology. Its differentiation lies in combining therapeutic delivery with potential diagnostic applications, though it remains early-stage relative to more established ultrasound players like Insightec.",https://www.cordancemedical.com/,https://www.neurofounders.co/startups/cordance-medical,https://cdn.prod.website-files.com/69401bfa528d1f131f2aa9ca/69510cfffc69601402300e1d_cordance_medical_logo.jpeg,theta-neurotech; elda-braintech; neurobell; brainscan; brainsightai
cortec,CorTec,Germany,Brain-Computer Interface,Closed-loop; Therapeutics,2010,Unknown,ECoG,,,Rehabilitation,,Investigational,"Building a fully implantable, bidirectional neurostimulation and recording platform designed to restore neural function by sensing brain activity and delivering adaptive stimulation in closed loop.","CorTec is developing a fully implantable closed-loop neurostimulation platform, positioning itself as a next-generation alternative to traditional DBS systems with integrated sensing and adaptive stimulation. Its bidirectional architecture aligns with the broader shift toward closed-loop neuromodulation, though commercialization timelines remain unclear.",https://cortec-neuro.com/,https://www.neurofounders.co/startups/cortec,https://cdn.prod.website-files.com/69401bfa528d1f131f2aa9ca/694bcc5fe3d5bfd307a6dd11_1631390184453%20(1).jpeg,neuralink; precision-neuroscience; synchron; onward-medical; ability-neurotech
cortical-labs,Cortical Labs,Australia,Tools and Infrastructure,Data Infrastructure; Experimental,2019,Series A,MEA,,,Research,,Non-medical,"Developing the CL1 'biocomputer', a silicon-embedded, lab-grown neuron platform (SBI) that learns via real-time neural code execution.","Cortical Labs is best understood as a frontier “biocomputing” company, combining living neurons with silicon hardware to create hybrid computational systems. While scientifically novel, its commercial applications remain exploratory, positioning it more as research infrastructure than a near-term product company.",https://corticallabs.com,https://www.neurofounders.co/startups/cortical-labs,https://cdn.prod.website-files.com/69401bfa528d1f131f2aa9ca/694bcc9de3d5bfd307a6efa6_cclabs_ai_logo.jpeg,maxwell-biosystems; 3brain; emteq-labs; open-neurotech; cambridge-neurotech
corticale,Corticale,Italy,Brain-Computer Interface,Experimental; Therapeutics,2021,Non-dilutive,ECoG,,,Communication,,Research only,Developing minimally invasive CMOS-based cortical implants (SiNAPS) that record from thousands of neurons for high-resolution brain-computer interfaces.,"Corticale is developing high-density cortical implants using CMOS technology to achieve large-scale neural recording with minimal invasiveness. It sits in the next-generation ECoG BCI category alongside Precision Neuroscience, though still at an early translational stage.",https://www.corticale.com/,https://www.neurofounders.co/startups/corticale,https://cdn.prod.website-files.com/69401bfa528d1f131f2aa9ca/697b5cf8cb48e3c9a4a58dc7_1630626824477.jpeg,precision-neuroscience; fluent-bci; neuroxess; ability-neurotech; axoft
cortivision,CortiVision,Poland,Neuroimaging,Data Infrastructure; Monitoring,2020,Bootstrapped,fNIRS,,,Research,,Research only,"Enabling mobile, high-density fNIRS brain imaging, used from labs to the ISS, tracking brain activity via oxygenation, multimodal interactions, and hyperscanning.","CortiVision is positioned as a high-density fNIRS hardware provider, enabling portable, research-grade brain imaging in real-world environments. Its differentiation lies in spatial resolution and portability, though it remains squarely in the research-tools market rather than clinical deployment.",https://www.cortivision.com,https://www.neurofounders.co/startups/cortivision,https://cdn.prod.website-files.com/69401bfa528d1f131f2aa9ca/694bcc753a47c151ab7c5ed3_biovr_sp_z_o_o_logo.jpeg,gowerlabs; kernel; anthriq; bitbrain; neuroconcise
cranius-therapeutics,CraniUS Therapeutics,USA,Tools and Infrastructure,Experimental; Clinical Workflows,2021,Series A,Others,,,Tumors,,Preclinical,"Developing a skull-embedded, pump-driven intracranial drug delivery platform designed for repeatable, targeted convection-enhanced infusion beyond the blood-brain barrier.","CraniUS Therapeutics targets a specific bottleneck in CNS drug delivery with its implantable convection-enhanced delivery system, enabling repeated, localized dosing beyond the blood–brain barrier. This positions it as enabling infrastructure for neuro-oncology therapies rather than a standalone therapeutic company.",https://craniustherapeutics.com/,https://www.neurofounders.co/startups/cranius-therapeutics,https://cdn.prod.website-files.com/69401bfa528d1f131f2aa9ca/698af5c8fc78763596e9407f_cranius_llc_logo.jpeg,nia-therapeutics; clee-medical; wise; neuspera
ctrl-labs,CTRL-labs (Meta),USA,Consumer Neurotech,Assistive Technology; AR/VR,2015,Acquired,EMG,,,Wellness,,Non-medical,"Built a neural-interface wristband decoding hand-movement intent via sEMG, paving the way for gesture-free device control and AR/VR input (acquired by Meta).","CTRL-labs, now part of Meta, pioneered non-invasive EMG-based neural interfaces for gesture-free control, effectively creating a new input paradigm for AR/VR. Its acquisition validates peripheral neural interfaces as a strategic layer in human–computer interaction.",https://tech.facebook.com/reality-labs/,https://www.neurofounders.co/startups/ctrl-labs,https://cdn.prod.website-files.com/69401bfa528d1f131f2aa9ca/694bc7c525c85358ea517364_ctrl_labs_logo.jpeg,brainco; apollo-neuro; pison-technology; wisear; halo-neuroscience
cumulus-neuroscience,Cumulus Neuroscience,UK,Tools and Infrastructure,Data Infrastructure; Monitoring,2015,Seed,Biomarkers,,,Multi-indication,,FDA cleared (510k),"Developing a wearable EEG and digital biomarker platform to enable remote, objective measurement of brain function in clinical trials and neuroscience research.","Cumulus Neuroscience is positioned as a pharma-facing EEG biomarker platform, enabling remote and scalable CNS data collection for clinical trials. Its FDA-cleared headset and focus on decentralized trials align with broader shifts in clinical research infrastructure.",https://www.cumulusneuro.com/,https://www.neurofounders.co/startups/cumulus-neuroscience,https://cdn.prod.website-files.com/69401bfa528d1f131f2aa9ca/69510db031cf534ee2ee89db_cumulusneuroscience_logo.jpeg,insai; evocal-health; bios-health; qmenta; icometrix
curonix,Curonix,USA,Neuromodulation,Therapeutics; Clinical Workflows,2003,Unknown,Nerve stimulator,,,Pain/migraine,,FDA cleared (510k),"Developing StimRouter, a minimally invasive peripheral nerve stimulation system with an implantable lead and externally worn wireless pulse transmitter for chronic pain treatment.","Curonix's StimRouter occupies the minimally invasive implantable PNS segment alongside SPR Therapeutics, with a wirelessly powered architecture that reduces the implant burden relative to fully independent battery-powered systems. Its FDA clearance across multiple chronic pain anatomical locations gives it broad applicability, though commercial traction requires overcoming physician familiarity with conventional SCS platforms.",https://curonix.com/intl/,https://www.neurofounders.co/startups/curonix,https://cdn.prod.website-files.com/69401bfa528d1f131f2aa9ca/69df70a5e364c1646298a592_curonix_logo.jpg,neuronoff; capri-medical; nalu-medical; neuros-medical; spr-pain-relief
dandelion-science,Dandelion Science,USA,Neuromodulation,Therapeutics; Machine Learning,2020,Non-dilutive,Software,,,Vision,,Investigational,Developing a generative AI-driven neuromodulation platform for non-invasive programmable neurotherapeutics targeting brain disorders.,"Dandelion Science sits at the intersection of AI and neuromodulation, proposing programmable, software-defined neurotherapeutics delivered non-invasively. While conceptually compelling, it remains preclinical and dependent on demonstrating that software-layer optimization meaningfully improves outcomes.",https://www.dandelion.science,https://www.neurofounders.co/startups/dandelion-science,https://cdn.prod.website-files.com/69401bfa528d1f131f2aa9ca/69ce80da17b1c18b581278ab_dandelion_science_corp_logo.jpeg,axorus; prima-mente; bios-health; neuralpulse; manava-plus
deegtal,DEEGtal,Switzerland,Diagnostics and Assessment,Diagnostics; Decision Support,2024,Seed,EEG,,,Epilepsy,,Investigational,"Delivering an AI-driven platform that enhances traditional EEG analysis by uncovering complex, visually silent patterns, enabling faster, more accurate epilepsy diagnoses.","dEEGtal is positioned as an AI augmentation layer for EEG interpretation, focusing on uncovering subtle patterns missed by human review in epilepsy diagnostics. It competes in a crowded clinical AI space where differentiation depends heavily on validation and integration into workflows.",https://www.deegtal.ai/,https://www.neurofounders.co/startups/deegtal,https://cdn.prod.website-files.com/69401bfa528d1f131f2aa9ca/694bdb134d203464cf8b2297_deegtal_logo.jpeg,farow; brainsightai; ceribell; neuronostics; eysz
deep-sleep-technologies,Deep Sleep Technologies,Netherlands,Neuromodulation,Closed-loop; Monitoring,2024,Pre-seed,Light/sound,,,Sleep,,Non-medical,"Developing closed-loop, brainwave-synchronized acoustic neurostimulation technology designed to enhance deep sleep and reduce daytime fatigue.","The company licenses its stimulation layer into existing wearables rather than shipping its own headband, a distribution choice that trades hardware margins for faster reach into Oura's and Apple's installed base. University of Amsterdam origins and a decade of underlying sleep research give it more scientific weight than most consumer sleep-tech entrants carry.",https://www.fordeepsleep.com,https://www.neurofounders.co/startups/deep-sleep-technologies,https://cdn.prod.website-files.com/69401bfa528d1f131f2aa9ca/6a71fb8cea4710e1a38af838_fordeepsleep_logo.jpeg,elemind; somnee; beacon-biosignals; apollo-neuro; nextsense
deepspin,DeepSpin,Germany,Neuroimaging,Diagnostics; Clinical Workflows,2020,Seed,(f)MRI,,,General brain health,,Investigational,"Building portable, affordable AI-powered MRI systems, delivering high-quality brain imaging at 20× lower cost, weight, and infrastructure needs.","DeepSpin aims to radically reduce MRI cost and infrastructure through portable, AI-enhanced systems, positioning itself as a disruptive entrant in neuroimaging hardware. If successful, it could expand access significantly, though it faces substantial technical and regulatory hurdles.",https://deepspin.io,https://www.neurofounders.co/startups/deepspin,https://cdn.prod.website-files.com/69401bfa528d1f131f2aa9ca/694bccb88e6baebb3f93363f_deepspin_logo.jpeg,neuro42; brainkey; comind; optohive; mindaffect
earable-neuroscience,Earable Neuroscience,USA,Consumer Neurotech,Wellness; Monitoring,2018,Seed,ExG,,,Wellness,,Non-medical,"Delivering a smart EEG brainband that tracks sleep, focus, and bio-signals in real time, and uses AI-driven audio feedback to enhance sleep and cognition.","Earable Neuroscience is positioned in the consumer EEG wearable space with an emphasis on sleep and cognitive enhancement via real-time feedback. Its differentiation lies in combining sensing with audio-based intervention, though it remains in the wellness category.",https://frenzband.com,https://www.neurofounders.co/startups/earable-neuroscience,https://cdn.prod.website-files.com/69401bfa528d1f131f2aa9ca/694bcddf53c66b068a8a180a_earableai_logo.jpeg,pison-technology; neurosity; somnee; mendi; sens-ai
eightsix-science,Eightsix Science,UK,Tools and Infrastructure,OEM; Experimental,2023,Pre-seed,Others,,,Multi-indication,,Preclinical,Developing biohybrid brain tissue grafts made through advanced bioprinting to restore brain function and enable direct interfacing with neural circuits.,"Eightsix Science is pursuing biohybrid tissue grafts for brain repair, placing it at the intersection of regenerative medicine, bioprinting, and neural interfacing. This is a scientifically ambitious infrastructure-and-therapy hybrid that remains firmly preclinical.",https://eightsix.science/,https://www.neurofounders.co/startups/eightsix-science,https://cdn.prod.website-files.com/69401bfa528d1f131f2aa9ca/69c8040178f57527cbdc386f_blank-avatar-photo-place-holder-600nw-1095249842.webp,cahira-technologies; brainscan; time-is-brain; cortical-labs; maxwell-biosystems
elda-braintech,ELDA BrainTech,Israel,Neuroimaging,Diagnostics; Decision Support,2022,Unknown,EEG,,,Epilepsy,,Investigational,"Combining MRI-compatible EEG cap with AI to pinpoint epileptic zones via simultaneous EEG–fMRI recordings, improving diagnosis precision.","ELDA BrainTech is developing combined EEG–fMRI analysis tools for epilepsy localization, targeting improved diagnostic precision in surgical planning. Its multimodal approach offers higher accuracy than single-modality systems but increases complexity and cost.",https://www.elda-ai.com,https://www.neurofounders.co/startups/elda-braintech,https://cdn.prod.website-files.com/69401bfa528d1f131f2aa9ca/694bcd78f6224e331b9d523e_elda_braintech_logo.jpeg,neurobell; deepspin; epitel; theta-neurotech; braincapture
electrocore,ElectroCore,USA,Neuromodulation,Therapeutics; Clinical Workflows,2005,Public,VNS,,,Pain/migraine,,FDA cleared (510k),"Developing gammaCore, an FDA-cleared non-invasive vagus nerve stimulation handheld device for the treatment of migraine, cluster headache, and other neurological conditions.","electroCore is the most commercially advanced non-invasive VNS company, holding the first FDA clearance for neck-based transcutaneous VNS and a broad migraine/cluster headache indication set with reimbursement in some settings. Its public market status and military partnerships give it a distinctive commercial profile in the growing neuromodulation headache space.",https://www.electrocore.com/,https://www.neurofounders.co/startups/electrocore,https://cdn.prod.website-files.com/69401bfa528d1f131f2aa9ca/69df7dcb6c56b009ad58cdef_electrocorellc_logo.jpg,neurolief; cefaly; theranica; secondwave-systems
elemind,Elemind,USA,Consumer Neurotech,Monitoring; Wellness,2019,Seed,EEG,,,Sleep,,Non-medical,Developing an EEG headband that uses adaptive acoustic stimulation to support faster sleep onset and consumer sleep improvement.,"Elemind sits in the consumer sleep neurotechnology segment, where EEG is used as an input for active sleep intervention. Its positioning is differentiated by closed-loop acoustic stimulation, placing it between consumer sleep wearables and more technically involved neurofeedback systems.",https://elemindtech.com,https://www.neurofounders.co/startups/elemind,https://cdn.prod.website-files.com/69401bfa528d1f131f2aa9ca/6a1d4cf4dc0c568f480186e2_1677694237756.jpeg,somnee; bia-neuroscience; nextsense; idun-technologies; flectothink
emotiv,EMOTIV,USA,Neuroimaging,Data Infrastructure; Machine Learning,2011,Seed,EEG,,,Research,,Non-medical,"Offering wireless, multi-channel EEG headsets and SDKs, empowering BCI research, emotion tracking, and hands-free control across diverse applications.","EMOTIV is one of the most established consumer/research EEG hardware companies, offering accessible headsets with a strong developer ecosystem. Its longevity and brand recognition are key advantages, though it operates primarily outside clinical markets.",https://www.emotiv.com/,https://www.neurofounders.co/startups/emotiv,https://cdn.prod.website-files.com/69401bfa528d1f131f2aa9ca/694bcd91e249f3def94c28ad_emotiv_logo.jpeg,g-tec; kernel; anthriq; bitbrain; synchroni
empatica,Empatica,USA,Diagnostics and Assessment,Monitoring; Clinical Workflows,2013,Series B,Multimodal,,,Parkinson's,,FDA cleared (510k),Developing medical-grade wearable sensors and analytics to enable remote monitoring and detection of neurological and physiological events.,"Empatica is a leading player in medical-grade wearables, with FDA-cleared devices for seizure detection and physiological monitoring. Its strong clinical validation and pharma partnerships position it at the intersection of digital health and neurotech.",https://www.empatica.com/,https://www.neurofounders.co/startups/empatica,https://cdn.prod.website-files.com/69401bfa528d1f131f2aa9ca/695122c12c52733e809ffd02_empatica_logo.jpeg,theta-neurotech; rune-labs; great-lakes-neurotech; kneu-health; encora-therapeutics
emteq-labs,Emteq Labs,UK,Tools and Infrastructure,Machine Learning; Monitoring,2015,Seed,Biomarkers,,,Research,,Research only,Developing AI-powered emotion-sensing eyewear that captures facial muscle activity for health and behavioral insights.,"Emteq Labs focuses on emotion-sensing via facial EMG embedded in wearable devices, targeting behavioral analytics and affective computing. Its positioning is adjacent to neurotech but more aligned with human–computer interaction and XR applications.",https://www.emteqlabs.com,https://www.neurofounders.co/startups/emteq-labs,https://cdn.prod.website-files.com/69401bfa528d1f131f2aa9ca/69ce83edb97c09343e1f6d17_emteqlabs_logo.jpeg,somareality; cortical-labs; maxwell-biosystems; nextmind-snap-ar
emvision,EMVision,Australia,Neuroimaging,Diagnostics; Clinical Workflows,2017,Public,Others,,,Stroke,,Investigational,"Developing portable electromagnetic brain imaging systems to enable rapid, point-of-care diagnosis of stroke and other acute neurological conditions.","EMVision is developing portable electromagnetic imaging for stroke diagnosis, offering a radiation-free alternative to CT. Its point-of-care focus targets emergency settings, though it remains in the investigational stage.",https://www.emvisionmedical.com/,https://www.neurofounders.co/startups/emvision,https://cdn.prod.website-files.com/69401bfa528d1f131f2aa9ca/6951231e8bbb068588e4b8f5_emvision_medical_devices_ltd_logo.jpeg,sense-neuro-diagnostics; artiria-medical; resolve-stroke; neuro42; brainomix
encora-therapeutics,Encora Therapeutics,USA,Neuromodulation,Closed-loop; Clinical Workflows,2018,Seed,Nerve stimulator,,,Other,,FDA cleared (510k),Developing non-invasive neuromodulation therapies targeting peripheral nerves to treat chronic neurological conditions such as essential tremor.,"Encora Therapeutics is positioned in peripheral neuromodulation for movement disorders, particularly essential tremor. Its non-invasive approach competes with Cala Health but remains earlier in clinical validation.",https://encoratherapeutics.com/,https://www.neurofounders.co/startups/encora-therapeutics,https://cdn.prod.website-files.com/69401bfa528d1f131f2aa9ca/69960c32df311184f33f71b6_encoratherapeutics_logo.jpeg,cionic; empatica; charco-neurotech; cala-health; rune-labs
eneura-edb82,eNeura,United States,Neuromodulation,Therapeutics; Monitoring,2000,Series C+,TMS,,,Pain/migraine,,FDA cleared (510k),Providing FDA-cleared single-pulse transcranial magnetic stimulation devices for acute and preventive migraine treatment at home.,"eNeura sits in prescription home-use neuromodulation for migraine, with sTMS as a central stimulation approach distinct from peripheral nerve stimulation peers. Its profile is more mature than most migraine-device startups, with FDA-cleared indications and a long commercialization history.",https://eneura.com,https://www.neurofounders.co/startups/eneura-edb82,https://cdn.prod.website-files.com/69401bfa528d1f131f2aa9ca/69df76c6661b5e554d26fb1d_1701194242204.jpg,cefaly; electrocore; wave-neuroscience; brainsway; neurolief
enspire-dbs,Enspire DBS,United States,Neuromodulation,Therapeutics; Clinical Workflows,2012,Series B,DBS,,,Stroke,,Investigational,Developing an implantable deep brain stimulation system combined with rehabilitation therapy to restore arm motor function after stroke.,"Enspire's DBS+Rehab approach targets the dentate nucleus rather than the more commonly stimulated basal ganglia targets used in movement disorders, extending DBS into stroke motor recovery, a largely untapped indication for the modality. Its EDEN trial results published in Nature Medicine and ongoing FDA IDE-approved RESTORE pivotal study place it further along the regulatory path than most stroke neuromodulation companies, backed by a Cleveland Clinic origin and continued institutional financing.",https://www.enspiredbs.com,https://www.neurofounders.co/startups/enspire-dbs,https://cdn.prod.website-files.com/69401bfa528d1f131f2aa9ca/6a783f17640a614f8584325a_1631338073846.jpeg,newronika; neuropace; onward-medical; cortec; epia-neuro
epia-neuro,Epia Neuro,USA,Brain-Computer Interface,Diagnostics; Monitoring,2021,Unknown,ECoG,,,Epilepsy,,Preclinical,Developing minimally invasive brain-computer interfaces that decode motor intent and pair neural sensing with stimulation to restore function after stroke.,"Epia neuro has minimal public information available, making detailed competitive analysis difficult. Based on the domain name and URL, the company appears to operate in the epilepsy diagnostics or monitoring space, placing it adjacent to Ceribell and Epitel, though the specific modality, form factor, and regulatory stage remain undisclosed.",https://epianeuro.com,https://www.neurofounders.co/startups/epia-neuro,https://cdn.prod.website-files.com/69401bfa528d1f131f2aa9ca/69d39964ee76e0e58a78478e_1775079683491.jpeg,epitel; neurobell; elda-braintech; braincapture; cortec
epiminder,Epiminder,Australia,Neuroimaging,Monitoring; Experimental,2017,Public,EEG,,,Epilepsy,,Other approval,"Developing an implantable seizure monitoring system to provide continuous, objective tracking of epileptic activity over long durations.","Epiminder is developing implantable, long-term EEG monitoring systems, enabling continuous seizure tracking beyond hospital settings. This positions it as infrastructure for epilepsy management rather than a therapeutic solution.",http://www.epiminder.com/,https://www.neurofounders.co/startups/epiminder,https://cdn.prod.website-files.com/69401bfa528d1f131f2aa9ca/695123a77fce7c69b917b243_epiminder_logo.jpeg,uneeg-medical; epitel; mjn-neuroserveis; theta-neurotech; elda-braintech
epitel,Epitel,USA,Neuroimaging,Monitoring; Clinical Workflows,2014,Series B,EEG,,,Epilepsy,,FDA cleared (510k),"Developing wearable, long-term EEG monitoring systems to enable continuous seizure detection and neurological assessment outside the hospital.","Epitel focuses on wearable, long-duration EEG monitoring using adhesive sensors, improving patient comfort and accessibility compared to traditional systems. Its FDA clearance supports adoption in outpatient neurology.",http://www.epitel.com,https://www.neurofounders.co/startups/epitel,https://cdn.prod.website-files.com/69401bfa528d1f131f2aa9ca/6951240bced39fd30aee575d_epitel_inc_logo.jpeg,theta-neurotech; uneeg-medical; braincapture; mjn-neuroserveis; elda-braintech
epiwatch,EpiWatch,USA,Diagnostics and Assessment,Diagnostics; Monitoring,2017,Seed,Biomarkers,,,Epilepsy,,FDA cleared (510k),"Developing an Apple Watch-based seizure detection and alerting application for epilepsy patients, enabling wrist-worn smartwatch monitoring for tonic-clonic seizures.","EpiWatch occupies a distinctive niche as an Apple Watch-native seizure detection app, leveraging consumer hardware to provide passive monitoring without requiring dedicated medical wearables. Its FDA clearance and Johns Hopkins collaboration lend credibility, though tonic-clonic seizure detection sensitivity on wrist accelerometry is lower than EEG-based systems, limiting its use to a specific patient population.",https://epiwatch.com/,https://www.neurofounders.co/startups/epiwatch,https://cdn.prod.website-files.com/69401bfa528d1f131f2aa9ca/69df7c20e1162d0c6c438da4_epiwatch_inc_logo.jpg,empatica; epitel; braincapture; theta-neurotech; mjn-neuroserveis
evocal-health,EVOCAL Health,Germany,Diagnostics and Assessment,Diagnostics; Data Infrastructure,2020,Defunct,Biomarkers,,,Multi-indication,,Investigational,Unlocking voice as a predictive biomarker using AI to detect diseases and support digital diagnostics and therapies across Longevity and neurodegeneration.,"EVOCAL Health operates in the voice biomarker space, targeting longevity and neurodegeneration through speech analysis. Its positioning overlaps with multiple competitors, with differentiation dependent on dataset quality and partnerships.",https://evocalhealth.com/,https://www.neurofounders.co/startups/evocal-health,https://cdn.prod.website-files.com/69401bfa528d1f131f2aa9ca/694bcdabafed87ec629ffce4_vocalsforscience_logo.jpeg,cumulus-neuroscience; insai; neuroventis; bios-health; neurophet
eysz,Eysz,USA,Diagnostics and Assessment,Diagnostics; Monitoring,2018,Non-dilutive,Biomarkers,,,Psychiatry,,Investigational,Developing eye-tracking–based neuroassessment software to objectively detect and monitor concussion and brain injury.,"Eysz uses eye-tracking as a digital biomarker for neurological conditions, particularly concussion. Its non-invasive, software-based approach enables scalable screening but faces competition from other digital assessment tools.",http://www.eyszlab.com,https://www.neurofounders.co/startups/eysz,https://cdn.prod.website-files.com/69401bfa528d1f131f2aa9ca/69512464577cc8a4d1ec7228_eysz_logo.jpeg,firefly-neuroscience; senseye; evocal-health; neuralight
farow,Farow,Belgium,Diagnostics and Assessment,Pediatric; Monitoring,2017,Non-dilutive,EEG,,,Epilepsy,,CE-Marked,Developing a wearable-based seizure detection system to monitor nocturnal epileptic seizures in children using passive physiological signals.,Farow focuses on pediatric epilepsy monitoring using wearable sensors for nocturnal seizure detection. Its niche focus on children and home monitoring differentiates it from broader EEG platforms.,https://www.epihunter.com,https://www.neurofounders.co/startups/farow,https://cdn.prod.website-files.com/69401bfa528d1f131f2aa9ca/6951237269223418d77a9a98_1761300078729.jpeg,deegtal; theta-neurotech; mon4t; ceribell; empatica
finalspark,FinalSpark,Switzerland,Tools and Infrastructure,Data Infrastructure; Experimental,2014,Seed,MEA,,,Research,,Research only,Operating the first remotely accessible biocomputing research platform using living human brain organoids on multi-electrode arrays as computational substrates.,"FinalSpark is the most operationally distinctive biocomputing company, having built the only remotely accessible organoid computing platform with a subscriber base across ten universities. Its differentiation lies in infrastructure democratization rather than proprietary science, making it closer to cloud-lab infrastructure for wetware research than a product company with defined clinical or commercial endpoints.",https://finalspark.com/neuroplatform/,https://www.neurofounders.co/startups/finalspark,https://cdn.prod.website-files.com/69401bfa528d1f131f2aa9ca/69d38b3eabbd99d827e22c8a_finalspark_logo.jpeg,cortical-labs; koniku; maxwell-biosystems; 3brain
firefly-neuroscience,Firefly Neuroscience,USA,Diagnostics and Assessment,Diagnostics; Decision Support,2001,Public,Biomarkers,,,Psychiatry,,FDA cleared (510k),Developing EEG-based brain network analytics software to support objective assessment of neurological and psychiatric conditions.,"Firefly Neuroscience provides EEG-based brain network analytics, translating raw signals into clinically meaningful biomarkers. Its FDA clearance strengthens its position in psychiatric and neurological assessment.",https://www.fireflyneuro.com/,https://www.neurofounders.co/startups/firefly-neuroscience,https://cdn.prod.website-files.com/69401bfa528d1f131f2aa9ca/69512281e577713d25309a79_fireflyneuroscience_logo.jpeg,eysz; graymatters-health; evocal-health
fisher-wallace-labs,Fisher Wallace Labs,USA,Neuromodulation,Therapeutics; Machine Learning,2007,Non-dilutive,tDCS/tES,,,Psychiatry,,Investigational,"Offering an FDA-cleared cranial electrotherapy stimulator that non-invasively treats depression, anxiety, and insomnia via home use.","Fisher Wallace Labs is a long-standing player in cranial electrotherapy stimulation, offering home-use devices for depression and anxiety. Its regulatory pathway and consumer accessibility drive adoption, though clinical efficacy debates persist.",https://www.fisherwallace.com/,https://www.neurofounders.co/startups/fisher-wallace-labs,https://cdn.prod.website-files.com/69401bfa528d1f131f2aa9ca/694bce3bc8ab85eb093f0b3a_fisher_wallace_laboratories_logo.jpeg,flow-neuroscience; mave-health; marbles-health; neuroelectrics; samphire-neuroscience
flectothink,FlectoThink,China,Consumer Neurotech,Monitoring; Wellness,2020,Seed,EEG,,,Sleep,,Non-medical,"Developing a flexible EEG sleep patch for non-invasive brain monitoring, sleep-stage assessment, and consumer BCI applications.","FlectoThink sits in the flexible EEG segment of consumer neurotechnology, with sleep monitoring as the clearest near-term product application. Its positioning is differentiated by the use of a lightweight forehead patch, giving it a lower-burden alternative to headband and earbud-based EEG systems.",https://www.flexolinkai.com,https://www.neurofounders.co/startups/flectothink,https://cdn.prod.website-files.com/69401bfa528d1f131f2aa9ca/6a1d4c2bea146d1309e910d7_5QaIqymi9xuE0Ktk3aQ0t0wvzcB1696888236970_200x200.png,bia-neuroscience; somnee; nextsense; atlas; muse
flourish,Flourish,United States,Tools and Infrastructure,Machine Learning; Data Infrastructure,2024,Series A,Software,,,Research,,Non-medical,Building brain-inspired AI architectures that study cortical circuits and connectomics to improve computational efficiency and continuous learning.,"Neuroscience here serves as an architectural blueprint for AI hardware, not a tool for interfacing with human neural activity, which puts Flourish adjacent to the neurotech landscape rather than inside it. It's worth tracking as a neuroscience-to-computing crossover, seen also in new entrants like The Biological Computing Co.",https://www.flourish.ai,https://www.neurofounders.co/startups/flourish,https://cdn.prod.website-files.com/69401bfa528d1f131f2aa9ca/6a71ffc02a55b4d2758a6c2e_flourish_labs_ai_logo.jpeg,the-biological-computing-co; cortical-labs; koniku; finalspark; maxwell-biosystems
flow-neuroscience,Flow Neuroscience,Sweden,Neuromodulation,Therapeutics; Machine Learning,2016,Series A,tDCS/tES,,,Psychiatry,,FDA approved (PMA),"Delivering a portable tDCS headset that gently stimulates the prefrontal cortex to relieve depression symptoms, med-free, at-home therapy.",Flow Neuroscience combines tDCS with behavioral therapy in a consumer-friendly format for depression treatment. Its FDA approval and integrated app ecosystem position it as a scalable alternative to pharmacotherapy.,https://www.flowneuroscience.com,https://www.neurofounders.co/startups/flow-neuroscience,https://cdn.prod.website-files.com/69401bfa528d1f131f2aa9ca/69c139c685dee21d16db06ca_flow_neuroscience_logo%20(1).jpeg,fisher-wallace-labs; mave-health; marbles-health; neuroelectrics; samphire-neuroscience
fluent-bci,Fluent,Australia,Brain-Computer Interface,Assistive Technology; Experimental,2025,Pre-seed,ECoG,,,Communication,,Preclinical,"Developing non-invasive brain-computer interfaces that translate neural intent into fluid, real-time control for communication and interaction.","Fluent BCI is developing implantable communication-focused BCIs, targeting high-fidelity neural decoding for real-time interaction. It remains at an early, preclinical stage in a highly competitive space.",https://fluentbci.com/,https://www.neurofounders.co/startups/fluent-bci,https://cdn.prod.website-files.com/69401bfa528d1f131f2aa9ca/694bce79b71a14e7073f7ba8_1751505156963%20(1).jpeg,paradromics; precision-neuroscience; ability-neurotech; inbrain-neuroelectronics; neuroxess
forest-neurotech,Forest Neurotech,USA,Tools and Infrastructure,Data Infrastructure; Experimental,2023,Non-dilutive,Ultrasound,,,Research,,Research only,"Pioneering ultrasound-based brain–computer interfaces using Forest 1, a compact, fob-sized scanner enabling noninvasive whole-brain imaging and neuromodulation.","Forest Neurotech is exploring ultrasound-based whole-brain interfaces, combining imaging and stimulation in a compact form factor. Its approach is highly ambitious but remains research-focused.",https://forestneurotech.org,https://www.neurofounders.co/startups/forest-neurotech,https://cdn.prod.website-files.com/69401bfa528d1f131f2aa9ca/694bce922c2eb27535141a8f_forest_neurotech_logo.jpeg,iconeus; karavela-ai; g-tec; gowerlabs; cortivision
g-tec,G.tec,Austria,Tools and Infrastructure,OEM; Data Infrastructure,1999,Unknown,EEG,,,Research,,Research only,"Developing non-invasive and invasive EEG-based systems for brain-computer interface research, neuroimaging, and clinical neuroscience applications.","G.tec is one of the most established providers of EEG and BCI systems for research and clinical use, with a strong reputation in high-performance signal acquisition. It serves as a benchmark provider in the academic neurotech ecosystem.",http://www.gtec.at,https://www.neurofounders.co/startups/g-tec,https://cdn.prod.website-files.com/69401bfa528d1f131f2aa9ca/695124b40a4fe4e024421a5f_gtec_medical_engineering_logo.jpeg,emotiv; kernel; anthriq; bitbrain; synchroni
general-sense,General Sense,USA,Tools and Infrastructure,Machine Learning; Experimental,2020,Seed,Others,,,Multi-indication,,Non-medical,"Developing neural sensing systems that decode odor-related brain activity in animals to support scent detection across security, inspection, and research settings.","General Sense is perhaps the first commercial animal-machine interface company, using neural decoding of canine olfaction as a sensing layer for chemical detection. Its positioning stands out by treating the trained dog less as a behavioral detector and more as a biological front end for deployable sensing infrastructure across security, healthcare, and agricultural contexts.",https://www.canaery.com/,https://www.neurofounders.co/startups/general-sense,https://cdn.prod.website-files.com/69401bfa528d1f131f2aa9ca/69df65689fffab67173de0c2_generalsense_logo.jpeg,zander-labs; the-biological-computing-co; cortical-labs; finalspark; starfish-neuroscience
gestala,Gestala,China,Brain-Computer Interface,Experimental; Closed-loop,2026,Seed,Ultrasound,,,Pain/migraine,,Preclinical,Building a non-invasive ultrasound-based brain-computer interface platform for neuromodulation and neural signal decoding.,"Gestala is developing ultrasound-based BCIs, aiming to combine non-invasive stimulation with neural decoding. It sits in an early-stage, experimental category alongside other ultrasound neurotech startups.",https://www.gestala.com,https://www.neurofounders.co/startups/gestala,https://cdn.prod.website-files.com/69401bfa528d1f131f2aa9ca/69ce895a740b79cf1fa0010a_1758156022852.jpeg,neuros-medical; sana-health; cefaly; theranica; capri-medical
gowerlabs,Gowerlabs,UK,Neuroimaging,Data Infrastructure; OEM,2013,Non-dilutive,fNIRS,,,Research,,Research only,"Delivering wearable, high-density fNIRS systems (LUMO & NTS) for 3D brain imaging in infants and adults across research and clinical settings globally.","Gowerlabs is a leading provider of high-density fNIRS systems, particularly in developmental neuroscience and infant studies. Its hardware is widely adopted in research settings but not yet positioned for clinical use.",https://www.gowerlabs.co.uk,https://www.neurofounders.co/startups/gowerlabs,https://cdn.prod.website-files.com/69401bfa528d1f131f2aa9ca/694bcec2a011755a86ab5332_gowerlabs_logo.jpeg,cortivision; kernel; anthriq; bitbrain; neuroconcise
graymatters-health,GrayMatters Health,Israel,Neuromodulation,Therapeutics; Closed-loop,2018,Series B,Biomarkers,,,Psychiatry,,FDA cleared (510k),"Developing Prism, an FDA-cleared neurofeedback system using EEG-based biomarkers to train self-regulation of brain networks in PTSD and depression.","GrayMatters Health is positioned in neurofeedback therapeutics, with FDA-cleared software targeting PTSD and depression through brain network self-regulation. Its clinical validation differentiates it from wellness-focused neurofeedback platforms.",https://www.GrayMatters-health.com,https://www.neurofounders.co/startups/graymatters-health,https://cdn.prod.website-files.com/69401bfa528d1f131f2aa9ca/694bcee1a8333c7e1ad05ed3_graymatters_health_logo%20(1).jpeg,evocal-health; alto-neuroscience; firefly-neuroscience
great-lakes-neurotech,Great Lakes NeuroTech,USA,Tools and Infrastructure,Monitoring; Diagnostics,2010,Non-dilutive,Others,,,Parkinson's,,Research only,Developing EEG-based neuroimaging and brain-computer interface software for neuroscience research and clinical applications.,"Great Lakes NeuroTech provides EEG-based tools and software for research and clinical use, focusing on usability and workflow integration. It operates in a crowded but stable research-tools market.",https://www.glneurotech.com,https://www.neurofounders.co/startups/great-lakes-neurotech,https://cdn.prod.website-files.com/69401bfa528d1f131f2aa9ca/6966192b63c8276c80707fb3_greatlakes.jpg,empatica; rune-labs; machine-medicine; kneu-health; neuralight
grey-matter-neurosciences,Grey Matter Neurosciences,Canada,Neuromodulation,Aging; Therapeutics,2024,Seed,Ultrasound,,,Dementia/impairment,,Investigational,"Developing portable, focused ultrasound headset to non‑invasively stimulate deep brain circuits and improve cognition in Alzheimer’s disease.","Grey Matter Neurosciences is developing focused ultrasound neuromodulation for Alzheimer’s, targeting deep brain circuits non-invasively. It remains early-stage but aligned with a growing interest in ultrasound therapies.",https://greymatterneurosciences.com/,https://www.neurofounders.co/startups/grey-matter-neurosciences,https://cdn.prod.website-files.com/69401bfa528d1f131f2aa9ca/694bcef7ddc7bead3c8dee60_grey_matter_neurosciences_logo.jpeg,clarity; cognito-therapeutics; bottneuro; neuronic; neuroem-therapeutics
halo-neuroscience,Halo Neuroscience,USA,Consumer Neurotech,Wellness,2013,Acquired,tDCS/tES,,,Wellness,,Non-medical,Developing non-invasive transcranial direct current stimulation devices to enhance motor learning and neuroplasticity.,"Halo Neuroscience was positioned in the consumer neurostimulation segment, using tDCS to enhance motor learning and athletic performance rather than treating disease. Its acquisition and product focus placed it closer to performance technology than clinical neurotherapy, limiting regulatory complexity but also constraining medical defensibility.",https://haloneuroscience.com/,https://www.neurofounders.co/startups/halo-neuroscience,https://cdn.prod.website-files.com/69401bfa528d1f131f2aa9ca/6951257ffc69601402327d64_halo_neuroscience_logo.jpeg,neuronic; flow-neuroscience; samphire-neuroscience; muse; mendi
hemispheric,Hemispheric,Israel,Diagnostics and Assessment,Data Infrastructure; Machine Learning,2020,Series A,EEG,,,Multi-indication,,Research only,Building a large-scale EEG foundation model that decodes brain activity to support objective diagnosis and treatment selection for neuropsychiatric conditions.,"A six-billion-parameter EEG foundation model trained across 250,000 hours of data is a scale bet few diagnostics companies can match, aiming to generalize across PTSD, depression, and neurodegenerative conditions from one underlying platform. Six years in stealth and a $52M raise suggest serious institutional conviction, clinical and regulatory validation are next.",https://www.hemispheric.ai,https://www.neurofounders.co/startups/hemispheric,https://cdn.prod.website-files.com/69401bfa528d1f131f2aa9ca/6a71fed854d3e47048192c3f_hemispheric_ai_logo.jpeg,alljoined; piramidal; karavela-ai; arctop; nubrain
hyperfine,Hyperfine,United States,Neuroimaging,Diagnostics; Clinical Workflows,https://hyperfine.io,Public,(f)MRI,,,Multi-indication,,FDA cleared (510k),"Providing the first FDA-cleared portable, ultra-low-field MRI system for point-of-care brain imaging in hospitals, clinics, and emergency settings.","Hyperfine has moved past the validation question that most portable imaging entrants face, its Swoop system is generating recurring revenue (45% year-over-year growth) and record U.S. scan volumes rather than pilot-stage adoption. Recent CE marking and a European commercial launch mark a company scaling an already-cleared product internationally, a later stage of maturity than most companies in this category.",https://hyperfine.io,https://www.neurofounders.co/startups/hyperfine,https://cdn.prod.website-files.com/69401bfa528d1f131f2aa9ca/6a78406f5ccd5fb6f3f88fe5_hyperfine_inc_logo.jpeg,wellumio; synaptive-medical
i-braintech,i-BrainTech,Israel,Consumer Neurotech,Monitoring; Wellness,2019,Seed,EEG,,,Research,,Unknown,"Providing EEG-based BCI neurofeedback training for motor imagery, sports performance, cognitive assessment, and rehabilitation workflows.","i-BrainTech sits at the edge of sports neurotechnology and rehabilitation BCI, using EEG feedback to make motor imagery training measurable. Its strongest public traction appears to be elite-sports deployment, while medical-device status and company-specific clinical validation remain less clearly documented.",https://www.i-brain.tech,https://www.neurofounders.co/startups/i-braintech,https://cdn.prod.website-files.com/69401bfa528d1f131f2aa9ca/6a41e7c30426a2d1ca0e2dc1_i_braintech_logo.jpeg,atlas; temple; neurable; emotiv; brainco
icometrix,Icometrix,Belgium,Neuroimaging,Decision Support; Clinical Workflows,2011,Acquired,Software,,,Multi-indication,,FDA cleared (510k),Developing AI-powered neuroimaging software to quantify brain structures and pathology for clinical decision support and research.,"Icometrix is one of the more established clinical neuroimaging software companies, providing automated quantification of brain structure and pathology for diseases such as MS, dementia, and traumatic injury. Its FDA-cleared footprint and acquisition support position it as a mature workflow-integration player rather than a novel biomarker startup.",https://www.icometrix.com/,https://www.neurofounders.co/startups/icometrix,https://cdn.prod.website-files.com/69401bfa528d1f131f2aa9ca/695125d9c6fcae403f1b1811_icometrix_logo.jpeg,sevaro; bios-health; neurophet; imeka; neuroventis
iconeus,ICONEUS,France,Neuroimaging,Data Infrastructure; Experimental,2016,Non-dilutive,Ultrasound,,,Research,,Research only,"Developing functional ultrasound neuroimaging systems to enable high-resolution, real-time imaging of brain activity in research and clinical settings.","ICONEUS occupies a highly differentiated niche in functional ultrasound imaging, enabling real-time brain activity mapping with temporal and spatial resolution beyond what most portable modalities can offer. Despite the technical strength of the platform, it remains primarily a research-market company rather than a clinically deployed neuroimaging business.",http://iconeus.com/,https://www.neurofounders.co/startups/iconeus,https://cdn.prod.website-files.com/69401bfa528d1f131f2aa9ca/695126145c13ee50986a24ff_iconeus_logo.jpeg,forest-neurotech; graymatters-health; gowerlabs; karavela-ai; anthriq
idun-technologies,IDUN Technologies,Switzerland,Tools and Infrastructure,Data Infrastructure; Monitoring,2017,Seed,EEG,,,Wellness,,Non-medical,Developing discreet in-ear EEG sensors and neuroanalytics to transform everyday wearables into continuous brain-state monitoring tools.,"IDUN Technologies is positioned around in-ear EEG as an enabling layer for everyday brain-state sensing, offering a more discreet form factor than headbands or caps. Its developer-oriented strategy places it in the infrastructure tier of wearable neurotech, with differentiation driven by usability and integration potential rather than clinical validation.",https://www.iduntechnologies.com,https://www.neurofounders.co/startups/idun-technologies,https://cdn.prod.website-files.com/69401bfa528d1f131f2aa9ca/694bcf2b2161496acc12f2b7_iduntechnologies_logo%20(1).jpeg,naox-technologies; nextsense; neurable; atlas; neurox
imeka,Imeka,USA,Neuroimaging,Diagnostics; Decision Support,2011,Seed,(f)MRI,,,Multi-indication,,FDA cleared (510k),Developing AI-driven neuroimaging software to analyze diffusion MRI data for improved diagnosis and monitoring of neurological disorders.,"Imeka sits in the diffusion MRI analytics market, offering software that extracts clinically useful microstructural biomarkers from complex imaging datasets. Its value proposition is strongest in turning high-dimensional diffusion data into decision-support outputs, though it competes in a specialist segment with relatively long sales cycles.",http://www.imeka.ca,https://www.neurofounders.co/startups/imeka,https://cdn.prod.website-files.com/69401bfa528d1f131f2aa9ca/695126696cdd54566b0299d5_1631370123663.jpeg,neurophet; icometrix; bios-health; sevaro; neuroventis
inbrain-neuroelectronics,INBRAIN Neuroelectronics,Spain,Brain-Computer Interface,Machine Learning; Closed-loop,2020,Series B,ECoG,,,Parkinson's,,Investigational,"Developing ultrathin graphene-based neural implants (<10 µm) for AI-powered, bidirectional modulation of neurological disorders like Parkinson’s.","INBRAIN Neuroelectrics is differentiated by its graphene-based implant architecture, which promises thinner, more conformable, and potentially higher-fidelity neural interfaces than conventional materials. Its Series B funding and therapeutic focus in Parkinson’s and epilepsy position it among the more credible next-generation implantable neuroelectronics companies, though it remains pre-commercial.",https://inbrain-neuroelectronics.com/,https://www.neurofounders.co/startups/inbrain-neuroelectronics,https://cdn.prod.website-files.com/69401bfa528d1f131f2aa9ca/694bcf40d00eed3fed042543_1748156889747.jpeg,precision-neuroscience; neurosoft-bioelectronics; ability-neurotech; neuroxess; axoft
inner-cosmos,Inner Cosmos,USA,Neuromodulation,Experimental; Therapeutics,2020,Seed,Others,,,Psychiatry,,Investigational,Developing an implantable digital neuromodulation system to deliver precision brain stimulation for the treatment of depression.,"Inner Cosmos is pursuing a minimally invasive implantable neuromodulation system for depression, effectively bringing a psychiatry indication into a category more commonly associated with movement disorders or epilepsy. The company’s differentiation lies in applying digital precision-stimulation concepts to mental health, though it remains early relative to established psychiatric neuromodulation platforms.",http://innercosmos.ai,https://www.neurofounders.co/startups/inner-cosmos,https://cdn.prod.website-files.com/69401bfa528d1f131f2aa9ca/695126ace5e2ef612d52042a_1743668422888.jpeg,motif-neurotech; synergia-medical; neunos; sonomind; fisher-wallace-labs
insai,Insai,Denmark,Neuromodulation,Machine Learning; Decision Support,2019,Unknown,EEG,,,Research,,Research only,"Developing AI foundation models that turn sleep and EEG data into objective biomarkers for research, pharma, and clinical development.",Insai is best understood as a research-oriented closed-loop neuromodulation platform combining sensing and low-intensity magnetic stimulation in a wearable format. Its pharma-facing positioning suggests infrastructure for experimentation and biomarker generation rather than a patient-ready therapeutic business.,https://insai.tech/,https://www.neurofounders.co/startups/insai,https://cdn.prod.website-files.com/69401bfa528d1f131f2aa9ca/694bcf5a1e00308b440eae70_insai_neurotech_logo.jpeg,cumulus-neuroscience; evocal-health; bios-health; icometrix
insellar,Insellar,Germany,Neuromodulation,Experimental; Therapeutics,2025,Pre-seed,DBS,,,Psychiatry,,Preclinical,Developing a minimally invasive brain interface for treatment-resistant depression by targeting endogenous hormone-release pathways.,"Insellar sits at the edge of psychiatric neuromodulation and bioelectronic medicine, using a minimally invasive interface concept to engage endogenous hormone-release pathways in treatment-resistant depression. Its positioning is notable for linking neuroendocrine modulation with severe psychiatry at a preclinical stage.",https://www.insellar.com,https://www.neurofounders.co/startups/insellar,https://cdn.prod.website-files.com/69401bfa528d1f131f2aa9ca/6a1d5aa41eae13114de3d10e_insellar_gmbh_logo.jpeg,motif-neurotech; inner-cosmos; newronika; magnus-medical; amber-therapeutics
inspire-medical-systems,Inspire Medical Systems,USA,Neuromodulation,Therapeutics; Closed-loop,2007,Public,Nerve stimulator,,,Sleep,,FDA approved (PMA),Providing an implantable hypoglossal nerve stimulation therapy for obstructive sleep apnea in patients unable to use CPAP.,"Inspire Medical Systems sits in one of the most commercially mature segments of implantable neuromodulation, with hypoglossal nerve stimulation established as a regulated therapy for obstructive sleep apnea. Its positioning is strategically notable because it connects sleep medicine, surgical implantation, and closed-loop peripheral nerve stimulation in a narrowly defined clinical market.",https://www.inspiresleep.com,https://www.neurofounders.co/startups/inspire-medical-systems,https://cdn.prod.website-files.com/69401bfa528d1f131f2aa9ca/6a1d585e84df6e60860c408b_inspire_medical_systems_logo.jpeg,nyxoah; noctrix-health; neuronoff; amber-therapeutics; nalu-medical
intactis-bio,Intactis Bio,United States,Tools and Infrastructure,Experimental; Data Infrastructure,2024,Pre-seed,MEA,,,Research,,Non-medical,Developing biohybrid computing systems that use living neural tissue and silicon interfaces for low-energy AI/ML workloads.,"Intactis Bio sits closer to biohybrid computing infrastructure than clinical neurotechnology, using cultured neurons as a processing layer. Its current profile is early and experimental, with public materials focused on Alpha access, grant support, and initial demonstrations.",https://www.intactis.bio,https://www.neurofounders.co/startups/intactis-bio,https://cdn.prod.website-files.com/69401bfa528d1f131f2aa9ca/6a41e95db60d7d9734568883_intactis_bio_logo.jpeg,the-biological-computing-co; cortical-labs; finalspark; koniku; maxwell-biosystems
iota-biosciences,Iota Biosciences,USA,Tools and Infrastructure,Experimental; Closed-loop,2017,Acquired,Ultrasound,,,Other,,Preclinical,"Developing ultra-miniaturized, wirelessly powered implantable bioelectronic devices that use ultrasonic power and communication for minimally invasive neuromodulation.","iota Biosciences is differentiated by its ultrasonic powering architecture for sub-millimeter implants, a technically compelling approach that eliminates batteries and reduces implant size to needle-injectable dimensions. As an Astellas acquisition, it is best understood as pharma-enabling bioelectronic infrastructure rather than an independent device company pursuing its own commercial pathway.",https://iota.bio/,https://www.neurofounders.co/startups/iota-biosciences,https://cdn.prod.website-files.com/69401bfa528d1f131f2aa9ca/69df68662d4211342f2dea25_iota_biosciences_logo.jpeg,subsense-inc; cahira-technologies; merge-labs; neuspera
kandu,Kandu,USA,Diagnostics and Assessment,Rehabilitation; Clinical Workflows,2019,Series A,Software,,,Stroke,,Other approval,"Developing a tech-enabled post-acute stroke care platform that combines navigation services, telehealth, and digital tools to support recovery after hospital discharge","Kandu occupies the post-acute stroke recovery software segment, focusing on care coordination, monitoring, and digital support rather than a novel neurotechnology modality. Its strength is workflow and patient-management integration, though its differentiation is less technical than companies building proprietary hardware or biomarkers.",http://www.kandu.com,https://www.neurofounders.co/startups/kandu,https://cdn.prod.website-files.com/69401bfa528d1f131f2aa9ca/69512842277733cc29f345d2_neurolutions_inc__logo.jpeg,cogitat; ceribell; cionic; time-is-brain; sense-neuro-diagnostics
karavela-ai,Karavela AI,France,Tools and Infrastructure,Machine Learning; Data Infrastructure,2025,Pre-seed,Software,,,Research,,Research only,Building an AI-based “foundation model” of brain activity from large fMRI datasets to enable new neurological diagnostics and biomarkers.,"Karavela AI is positioned as a brain-foundation-model company, aiming to build large-scale representations of brain activity from fMRI datasets. This places it in the emerging AI-infrastructure layer for neuroscience, where differentiation depends less on a single product and more on proprietary data access and model performance.",https://karavela.ai/,https://www.neurofounders.co/startups/karavela-ai,https://cdn.prod.website-files.com/69401bfa528d1f131f2aa9ca/697b5b35ecb1612fa32c2b62_1750865776581.jpeg,nimbus; arctop; iconeus; sens-ai; brainsightai
kernel,Kernel,USA,Neuroimaging,OEM; Monitoring,2016,Pre-seed,fNIRS,,,Research,,Non-medical,Providing fNIRS neuroimaging (Flow) for high-density brain monitoring targeting research and potential BCI applications in cognition and health.,"Kernel has been one of the highest-profile entrants in non-invasive neuroimaging, translating high-density fNIRS into a polished research platform with ambitions spanning cognition, health, and future interface applications. Its differentiation lies in engineering quality and brand visibility, though commercial traction has been concentrated in research rather than clinical markets.",https://www.kernel.com/,https://www.neurofounders.co/startups/kernel,https://cdn.prod.website-files.com/69401bfa528d1f131f2aa9ca/694bcfc772f26a84450a53b4_kernel_logo.jpeg,g-tec; emotiv; bitbrain; cortivision; gowerlabs
kinesix-xr,Kinesix XR,Canada,Diagnostics and Assessment,AR/VR; Machine Learning,2018,Unknown,Software,,,Rehabilitation,,Investigational,Delivering immersive AI‑driven VR/AR therapy platform offering personalized neurorehabilitation exercises to improve motor and cognitive recovery.,"Kinesix XR sits in the neurorehabilitation software segment, combining VR/AR delivery with AI-personalized therapeutic exercises for motor and cognitive recovery. Its approach is scalable and accessible, though it competes in a crowded digital-therapy category where reimbursement and clinical validation are critical.",https://kinesixvr.com/,https://www.neurofounders.co/startups/kinesix-xr,https://cdn.prod.website-files.com/69401bfa528d1f131f2aa9ca/694bd043668f5889d6c54755_kinesix_xr_logo.jpeg,cogitat; brainco; morph-labs; neuros-medical
kneu-health,Kneu Health,UK,Diagnostics and Assessment,Monitoring; Clinical Workflows,2022,Seed,Biomarkers,,,Parkinson's,,FDA cleared (510k),Developing a wearable and software platform to monitor neurological function and recovery using objective movement and physiological data.,"Kneu Health is positioned around objective neurological monitoring through wearable and software-based data capture, targeting recovery and disease progression tracking. Its promise lies in digitizing longitudinal neurological assessment, though its competitive moat appears more workflow-based than modality-driven.",https://kneu.com,https://www.neurofounders.co/startups/kneu-health,https://cdn.prod.website-files.com/69401bfa528d1f131f2aa9ca/695128908c711626c094e141_kneu_health_ltd_logo.jpeg,rune-labs; cala-health; empatica; winterlight-labs; neuralight
koniku,Koniku,USA,Tools and Infrastructure,Data Infrastructure; Experimental,2015,Series B,MEA,,,Research,,Research only,Developing wetware neuron-silicon hybrid chips that use engineered biological neurons with olfactory receptors for chemical detection and sensing applications.,"Koniku occupies a highly distinctive position as a wetware company using living neurons as biological sensors for chemical detection, setting it apart from conventional neural interface or imaging companies. Its commercial partnerships with Airbus and security deployments at SFO make it one of the few biocomputing companies with real-world validated hardware, though its neurotech classification is more adjacent to biosensing than brain-computer interfaces.",https://koniku.com/,https://www.neurofounders.co/startups/koniku,https://cdn.prod.website-files.com/69401bfa528d1f131f2aa9ca/69d38a3a30172ef3c5b49e6c_1631347393739.jpeg,cortical-labs; maxwell-biosystems; 3brain
kyma-neuro,Kyma Neuro,United States,Tools and Infrastructure,Data Infrastructure; Experimental,2026,Unknown,Software,,,Research,,Non-medical,Developing a modular non-invasive BCI headset and developer platform for building software controlled by neural signals.,"Kyma Neuro appears positioned as a developer-first non-invasive BCI platform, combining low-cost sensing hardware with APIs, models, and application tooling. Its current status is very early, with public materials centered on a planned 2026 developer-kit release rather than validated applications or regulated clinical use.",https://www.kymaneuro.com,https://www.neurofounders.co/startups/kyma-neuro,https://cdn.prod.website-files.com/69401bfa528d1f131f2aa9ca/6a41e6d83a69b2b22a4d6a96_1781625310928.jpeg,openbci; emotiv; synchroni; neurable; idun-technologies
linus-health,Linus Health,USA,Diagnostics and Assessment,Diagnostics; Decision Support,2019,Series B,Software,,,Dementia/impairment,,FDA cleared (510k),Developing digital cognitive assessment and decision-support tools to enable earlier detection and management of neurodegenerative disease.,"Linus Health is one of the more commercially advanced digital cognitive assessment platforms, combining validated tests, decision support, and acquired biomarker capabilities such as speech analytics. Its positioning is strongest as a clinician-facing dementia workflow platform rather than a breakthrough biomarker company.",http://www.linushealth.com,https://www.neurofounders.co/startups/linus-health,https://cdn.prod.website-files.com/69401bfa528d1f131f2aa9ca/695128ec043c1ef46f5c77f5_linus_health_logo.jpeg,prima-mente; neurotrack; cognision; braincheck; braintrip
longeviti-neuro-solutions,Longeviti Neuro Solutions,USA,Tools and Infrastructure,Clinical Workflows; Decision Support,2016,Series A,Ultrasound,,,Multi-indication,,FDA cleared (510k),Developing ultrasound-based neuroimaging platforms to enable real-time brain imaging during and after complex neurosurgical procedures.,"Longeviti Neuro Solutions occupies a differentiated position in neurosurgical imaging, using ultrasound-based platforms for real-time intraoperative and perioperative brain visualization. This makes it enabling infrastructure for complex procedures rather than a general neurodiagnostics company.",http://www.longeviti.com,https://www.neurofounders.co/startups/longeviti-neuro-solutions,https://cdn.prod.website-files.com/69401bfa528d1f131f2aa9ca/69512933d28bc92575d1182f_1631329890432.jpeg,openwater; neurobionics; iconeus; merge-labs; clee-medical
looxid-labs,Looxid Labs,South-Korea,Tools and Infrastructure,AR/VR; Machine Learning,2017,Series A,EEG,,,Wellness,,Non-medical,Developing wearable eye-tracking and EEG biometric sensor solutions integrated with XR headsets to capture cognitive and emotional data for enterprise and research applications.,"Looxid Labs occupies the XR-embedded biometrics niche, differentiating from standalone EEG platforms by combining eye-tracking and neural sensing within VR headsets. This is a compelling integration for enterprise and research applications where immersive context and cognitive measurement are both required, though it is dependent on the growth trajectory of enterprise VR adoption.",https://looxidlabs.com/,https://www.neurofounders.co/startups/looxid-labs,https://cdn.prod.website-files.com/69401bfa528d1f131f2aa9ca/69df6b133d36a4a205a2dd09_1631416761772.jpeg,emotiv; g-tec; muse; somareality; emteq-labs
lyeons-neurotech,LYEONS Neurotech,USA,Consumer Neurotech,Wellness; Monitoring,2020,Pre-seed,EEG,,,Wellness,,Non-medical,Developing wearable EEG monitoring and neurofeedback solutions for cognitive performance enhancement and mental health applications.,"LYEONS Neurotech is an early-stage consumer EEG platform competing in a heavily commoditised segment. With minimal public information, it is difficult to assess differentiation, and its commercial viability will depend on hardware quality, form factor design, and developer ecosystem development.",https://lyeons.com/,https://www.neurofounders.co/startups/lyeons-neurotech,https://cdn.prod.website-files.com/69401bfa528d1f131f2aa9ca/69df7b3d9606e61012eada3d_lyeons_logo.jpg,emotiv; neurosity; muse; brainbit; zander-labs
machine-medicine,Machine Medicine,UK,Diagnostics and Assessment,Data Infrastructure; Decision Support,2017,Seed,Biomarkers,,,Parkinson's,,Research only,"Providing AI-powered video assessment of Parkinson’s motor symptoms, offering objective, reproducible metrics for clinical trials and care.","Machine Medicine is best understood as an objective digital phenotyping company for movement disorders, using computer vision and AI to quantify Parkinson’s symptoms for care and clinical trials. Its strength lies in reproducibility and trial utility, though it remains closer to biomarker infrastructure than therapeutics.",https://machinemedicine.com/,https://www.neurofounders.co/startups/machine-medicine,https://cdn.prod.website-files.com/69401bfa528d1f131f2aa9ca/694bd08aa4612fb715582d03_machine_medicine_logo.jpeg,empatica; rune-labs; mon4t; neuralight; kneu-health
machinemd,MachineMD,Switzerland,Diagnostics and Assessment,Diagnostics; AR/VR,2019,Seed,Others,,,Multi-indication,,CE-Marked,Developing a VR-based neuro-ophthalmology device that automatically measures eye and pupil responses to detect neurological disorders early.,"MachineMD is differentiated by its VR-based neuro-ophthalmology platform, automating eye and pupil testing in a way that can reveal neurological dysfunction earlier and more consistently than manual exams. Its CE-marked position gives it a clearer clinical pathway than many digital neurodiagnostics startups.",https://www.machinemd.com/2019,https://www.neurofounders.co/startups/machinemd,https://cdn.prod.website-files.com/69401bfa528d1f131f2aa9ca/697b5bf7b7431699fbec96c3_machinemd_logo.jpeg,positrigo; neuraworx; qmenta; icometrix; beacon-biosignals
magnetic-tides,Magnetic Tides,USA,Neuromodulation,Therapeutics; Experimental,2019,Non-dilutive,TMS,,,Stroke,,Investigational,Developing a non-invasive kTMP brain stimulation platform for stroke motor recovery and neurological or psychiatric applications.,"Magnetic Tides sits in the non-invasive brain stimulation segment, with kTMP positioned as a technical extension of the TMS and electrical-stimulation design space. Its relevance comes from targeting chronic stroke motor recovery with a stimulation approach built around frequency-specific, spatially targeted cortical modulation.",https://www.magnetictides.com,https://www.neurofounders.co/startups/magnetic-tides,https://cdn.prod.website-files.com/69401bfa528d1f131f2aa9ca/6a1d5a458f38f591a22e60ac_magnetic_tides_logo.jpeg,sooma-medical; brainsway; nexstim; neuroelectrics; epia-neuro
magnus-medical,Magnus Medical,USA,Neuromodulation,Therapeutics; Clinical Workflows,2021,Series B,TMS,,,Psychiatry,,FDA cleared (510k),"Developing SAINT®, an image-guided, accelerated, non-invasive neuromodulation system targeting personalized brain networks to treat severe depression.","Magnus Medical sits at the high end of psychiatric neuromodulation, commercializing accelerated, image-guided TMS based on the SAINT protocol for severe depression. Its PMA-level approval and strong Stanford-derived clinical narrative position it as one of the most clinically credible next-generation TMS companies.",https://www.magnusmedical.com,https://www.neurofounders.co/startups/magnus-medical,https://cdn.prod.website-files.com/69401bfa528d1f131f2aa9ca/694bd0bcccc0a15298c88992_magnusmedical_logo.jpeg,nexstim; ampa-health; brainsway; sonomind; neurosigma
mainstay-medical,Mainstay Medical,Ireland,Neuromodulation,Therapeutics; Clinical Workflows,2006,Series C+,Nerve stimulator,,,Pain/migraine,,FDA approved (PMA),"Developing the ReActiv8 restorative neurostimulation system, an implantable device that stimulates lumbas nerves to treat chronic mechanical low back pain.","Mainstay Medical is the most commercially advanced company in restorative neurostimulation for mechanical low back pain, a mechanistically distinct category from conventional SCS that targets the underlying multifidus dysfunction rather than pain signal masking. Its public status, two-year RCT data, and FDA approval give it a significant head start, though reimbursement access remains a key adoption constraint in the US market.",https://mainstaymedical.com/,https://www.neurofounders.co/startups/mainstay-medical,https://cdn.prod.website-files.com/69401bfa528d1f131f2aa9ca/69df68fb1506a156e82b1a9b_mainstay_medical_limited_logo.jpeg,presidio-medical; spinally; neuronoff; amber-therapeutics; nalu-medical
manava-plus,Manava Plus,Italy,Neuromodulation,Rehabilitation; Experimental,2022,Non-dilutive,SCS,,,Paralysis/motor,,Preclinical,Developing implantable neural prostheses for spinal cord injury that aim to reconnect damaged pathways and restore motor and sensory function.,"Manava Plus is developing implantable spinal neuroprostheses for spinal cord injury, targeting restoration of motor and sensory pathways rather than symptomatic management alone. This places it in the restorative neurotechnology segment, though still at an early preclinical stage.",https://manava.plus/,https://www.neurofounders.co/startups/manava-plus,https://cdn.prod.website-files.com/69401bfa528d1f131f2aa9ca/697b5daee69cc799aa774354_manava_plus_logo.jpeg,onward-medical; spinex; neurinnov; spinally; ruten-inc
marbles-health,Marbles Health,India,Neuromodulation,Therapeutics; Machine Learning,2020,Seed,tDCS/tES,,,Psychiatry,,Other approval,"Offering portable, hospital‑grade non‑invasive neuromodulation (tES + EEG + cognitive training) to support recovery from mental health and neuropsychiatric conditions.","Marbles Health combines tES, EEG, and cognitive training into a portable mental-health platform, positioning itself as a hybrid between neuromodulation device and digital therapeutic. Its breadth is appealing, but also risks diluting differentiation unless one component clearly drives outcomes.",https://www.marbles.health/,https://www.neurofounders.co/startups/marbles-health,https://cdn.prod.website-files.com/69401bfa528d1f131f2aa9ca/694bd0d7e2d368bf6916923c_marbleshealth_logo.jpeg,mave-health; flow-neuroscience; fisher-wallace-labs; neuroelectrics; samphire-neuroscience
mave-health,Mave Health,India,Consumer Neurotech,Wellness; Closed-loop,2023,Seed,tDCS/tES,,,Wellness,,Non-medical,"Developing a non-invasive tDCS-based brain stimulation platform aimed at improving focus, stress regulation, emotional control, and sleep by targeting prefrontal cortex function.","Mave sits in the consumer tDCS wellness category, targeting focus, stress regulation, emotional control, and sleep through prefrontal stimulation. It is best understood as a lifestyle neurostimulation product rather than a regulated mental-health therapy.",https://www.mavehealth.com/,https://www.neurofounders.co/startups/mave-health,https://cdn.prod.website-files.com/69401bfa528d1f131f2aa9ca/69ce683e2c5c6e5f809f8829_mavehealth_logo.jpeg,marbles-health; fisher-wallace-labs; flow-neuroscience; neuroelectrics; neurode
maxwell-biosystems,MaxWell Biosystems,Switzerland,Tools and Infrastructure,Data Infrastructure; OEM,2016,Series A,MEA,,,Research,,Research only,"Delivering high-density microelectrode array platforms that record and stimulate neural cells in vitro, accelerating neuroscience and drug discovery.","MaxWell Biosystems is a direct peer to 3Brain in the high-density MEA market, supplying ex vivo electrophysiology tools for neuroscience and drug discovery. Its differentiation lies in cell-level recording and stimulation performance, making it infrastructure for pharma and research rather than a translational neurotech company.",http://www.mxwbio.com/,https://www.neurofounders.co/startups/maxwell-biosystems,https://cdn.prod.website-files.com/69401bfa528d1f131f2aa9ca/694bd0ffcdfcf346b2e6f5c2_1631312771141.jpeg,cortical-labs; 3brain; emteq-labs; arctop; g-tec
mendi,Mendi,Sweden,Consumer Neurotech,Wellness; Monitoring,2018,Seed,fNIRS,,,Wellness,,Non-medical,"Offering a portable fNIRS-based neurofeedback headband and app to help users train their prefrontal cortex for improved focus, stress relief, and mood.","Mendi sits in the consumer fNIRS neurofeedback segment, translating a traditionally research-bound imaging modality into an accessible wellness product focused on focus and stress. Its differentiation is primarily the modality itself, though the consumer framing limits clinical claims.",http://mendi.io/,https://www.neurofounders.co/startups/mendi,https://cdn.prod.website-files.com/69401bfa528d1f131f2aa9ca/694bd1450a25f13877afb215_mendi_io_logo.jpeg,muse; connectome-health; sens-ai; neurosity; earable-neuroscience
merge-labs,Merge Labs,USA,Brain-Computer Interface,Experimental; Machine Learning,2025,Seed,Ultrasound,,,Other,,Preclinical,"Exploring gene-therapy-enhanced, high-bandwidth, ultrasound-based brain-computer interfaces to enable seamless human–AI integration.",Merge Labs represents a highly speculative attempt to combine ultrasound BCI concepts with gene-therapy-style enhancement and human–AI integration narratives. It is best viewed as frontier research ambition rather than a near-term commercial neurotechnology company.,https://www.merge.io/blog,https://www.neurofounders.co/startups/merge-labs,https://cdn.prod.website-files.com/69401bfa528d1f131f2aa9ca/696d29f89bd7f470dd3ffb02_merge_labs_2025_logo.jpeg,surf-therapeutics; x-trodes; forest-neurotech; zander-labs; nexstim
mindaffect,MindAffect,Netherlands,Diagnostics and Assessment,Therapeutics; Wellness,2017,Series A,EEG,,,General brain health,,Research only,Providing EEG-based neurofeedback and brain training solutions to support mental health and cognitive regulation.,"MindAffect operates in the EEG neurofeedback and brain-training segment, targeting cognitive regulation and mental wellbeing. Its challenge is standing out in a category crowded with neurofeedback offerings, where differentiation often depends more on engagement and evidence than underlying sensing technology.",http://www.mindaffect.nl/,https://www.neurofounders.co/startups/mindaffect,https://cdn.prod.website-files.com/69401bfa528d1f131f2aa9ca/69512a01df16e44e29a37608_mindaffect_logo.jpeg,sens-ai; optohive; deepspin; comind; neuro42
mindmuscle,MindMuscle,USA,Diagnostics and Assessment,Pediatric; Wellness,2018,Pre-seed,EEG,,,Neurodevelopmental,,Preclinical,Building wearable EEG + AI-powered neurofeedback platform for children with ADHD/ASD to improve attention and learning without medication.,"PigPug Health combines EEG and AI neurofeedback for pediatric attention and learning support, positioning itself in the child-focused digital mental-health segment. Its challenge will be standing out in a category where engagement, evidence, and reimbursement all matter.",https://pigpug.co,https://www.neurofounders.co/startups/mindmuscle,https://cdn.prod.website-files.com/69401bfa528d1f131f2aa9ca/6a73462b9a6d1383d1075c30_mindmuscle_health_logo.jpeg,neuroelectrics; neurode; syntropic; wave-neuroscience; fisher-wallace-labs
mindrove,MindRove,Hungary,Tools and Infrastructure,Data Infrastructure; OEM,2017,Seed,EMG,,,Research,,Non-medical,"Offering wearable EEG and EMG biosensing devices and SDK for neural interface development, neurofeedback, rehabilitation, and research applications.","MindRove is positioned as an accessible EEG/EMG hardware-and-SDK provider, enabling developers and researchers to prototype neural-interface applications without premium system costs. It occupies the lower-cost infrastructure tier rather than the clinical or high-performance research end of the market.",https://mindrove.com/,https://www.neurofounders.co/startups/mindrove,https://cdn.prod.website-files.com/69401bfa528d1f131f2aa9ca/694bd1981bf9d5bdf50c0917_mindrove_logo.jpeg,openbci; emotiv; g-tec; kernel; synchroni
mintneuro,MintNeuro,UK,Tools and Infrastructure,Data Infrastructure; OEM,2022,Non-dilutive,Intracortical,,,Multi-indication,,Research only,"Developing ultra-efficient semiconductor chips that shrink and power neural implants, enabling scalable, minimally invasive brain therapies.","MintNeuro is best understood as deep-tech semiconductor infrastructure for neurotechnology, focusing on power-efficient chips that could shrink and scale implants. This is a valuable but upstream position in the stack, making it more comparable to component suppliers than device companies.",https://mintneuro.com/,https://www.neurofounders.co/startups/mintneuro,https://cdn.prod.website-files.com/69401bfa528d1f131f2aa9ca/694bd1afda0cff42fc579c8f_1653168318603.jpeg,longeviti-neuro-solutions; neurobionics; starfish-neuroscience; subsense-inc; insai
mjn-neuroserveis,MJN Neuroserveis,Spain,Diagnostics and Assessment,Monitoring; Diagnostics,2014,Non-dilutive,EEG,,,Epilepsy,,CE-Marked,Developing a wearable earpiece sensor (mjn-SERAS) that uses EEG and AI to predict epileptic seizures and warn patients in advance.,"MJN Neuroserveis is differentiated by its earpiece-based seizure forecasting system, which aims to predict rather than merely detect epileptic events. That predictive ambition is strategically attractive, though commercial success depends on reliability in real-world use and clinician trust.",https://mjn.cat/en/,https://www.neurofounders.co/startups/mjn-neuroserveis,https://cdn.prod.website-files.com/69401bfa528d1f131f2aa9ca/697b5e9aac1ed6329645c70d_mjn_neuro_logo.jpeg,theta-neurotech; epiminder; epitel; ceribell; braintrip
mobia-medical,Mobia Medical,United States,Neuromodulation,Therapeutics; Rehabilitation,2007,Public,VNS,,,Stroke,,FDA approved (PMA),Developing implantable paired vagus nerve stimulation systems to support upper-limb rehabilitation in chronic ischemic stroke survivors.,"Mobia Medical is positioned around paired neurostimulation and rehabilitation rather than stimulation as a standalone intervention. Its Vivistim system gives it a relatively mature commercial profile within stroke neurorecovery, with PMA approval and public-market access.",https://www.mobia.com,https://www.neurofounders.co/startups/mobia-medical,https://cdn.prod.website-files.com/69401bfa528d1f131f2aa9ca/6a41e37e0426a2d1ca0d4ea9_mobiamedical_logo.jpeg,neuropace; saluda-medical; amber-therapeutics; mainstay-medical; electrocore
mon4t,Mon4t,Israel,Diagnostics and Assessment,Decision Support; Monitoring,2017,Unknown,Biomarkers,,,Parkinson's,,FDA cleared (510k),"Transforming standard smartphones into AI-powered neurological test devices for remote motor, cognitive, and affective monitoring.","Mon4t turns commodity smartphones into neurological assessment devices, making it a software-first digital biomarker platform for remote monitoring of motor and cognitive status. Its strongest advantage is accessibility and low deployment friction, though this also lowers barriers to imitation.",https://mon4t.com,https://www.neurofounders.co/startups/mon4t,https://cdn.prod.website-files.com/69401bfa528d1f131f2aa9ca/694bd1ca1bf9d5bdf50c101d_montfort_brain_monitor_logo.jpeg,farow; ceregate; kneu-health; neuralight; machine-medicine
morph-labs,Morph Labs,USA,Brain-Computer Interface,Assistive Technology; Experimental,2023,Pre-seed,Motor prosthetics,,,Rehabilitation,,Preclinical,"Building brain-driven prosthetic control via AI-decoded neural signals, translating amputees’ brainwaves into intuitive limb movement.","Morph Labs is pursuing non-invasive prosthetic control through AI-decoded brain signals, positioning itself in the assistive BCI space without implants. This is a compelling accessibility angle, though it competes against EMG-based and invasive approaches with clearer near-term performance benchmarks.",https://morphlabs.tech,https://www.neurofounders.co/startups/morph-labs,https://cdn.prod.website-files.com/69401bfa528d1f131f2aa9ca/694bd1e4800a73cc54dcfccd_1760575940550.jpeg,synaptrix-labs; brainco; cogitat; kinesix-xr
motif-neurotech,Motif Neurotech,USA,Neuromodulation,Experimental; Therapeutics,2022,Series A,Others,,,Psychiatry,,Investigational,"Developing minimally invasive, battery-free brain implants (DOT) that wirelessly stimulate brain circuits to treat treatment-resistant depression.","Motif Neurotech is differentiated by its tiny, battery-free, minimally invasive implant architecture for depression, targeting a gap between external psychiatric neuromodulation and larger implanted systems. Its hardware elegance is a strong narrative advantage, though clinical proof remains early.",https://www.motifneuro.tech,https://www.neurofounders.co/startups/motif-neurotech,https://cdn.prod.website-files.com/69401bfa528d1f131f2aa9ca/694bd1ffd54db68eb5c2b52c_motif_neurotech_logo.jpeg,inner-cosmos; synergia-medical; neunos; sonomind; flow-neuroscience
muse,Muse,Canada,Consumer Neurotech,Monitoring; Wellness,2014,Series C+,EEG,,,Wellness,,Non-medical,"Empowering meditation and mental fitness with wearable EEG headbands (Muse) that deliver real-time neurofeedback for focus, relaxation, and sleep.","Muse is one of the most recognizable consumer EEG brands, using neurofeedback to support meditation, sleep, and mental fitness. Its differentiation is less about raw sensing sophistication and more about product design, user experience, and category creation in wellness neurotech.",https://choosemuse.com/,https://www.neurofounders.co/startups/muse,https://cdn.prod.website-files.com/69401bfa528d1f131f2aa9ca/694bcfa58db1e04ecedfa30f_interaxon_inc_logo.jpeg,neurosity; mendi; sens-ai; connectome-health; brainbit
myndlift,Myndlift,Israel,Consumer Neurotech,Monitoring; Wellness,2016,Series A,EEG,,,Wellness,,Non-medical,Developing a personalized neurofeedback platform that uses EEG data to support mental health and cognitive training at home.,"Myndlift sits in the at-home neurofeedback segment, combining EEG-derived training with software delivery for personalized mental-wellness support. It is better understood as a scalable consumer-therapy platform than a deeply differentiated neurotech hardware company.",https://www.myndlift.com/,https://www.neurofounders.co/startups/myndlift,https://cdn.prod.website-files.com/69401bfa528d1f131f2aa9ca/69512c6d186c031f1d46c2d9_myndlift_logo.jpeg,brainbit; nextsense; neurable; sens-ai; muse
myndspan,MYndspan,UK,Neuroimaging,Diagnostics; Aging,2020,Non-dilutive,MEG,,,Wellness,,Non-medical,Providing consumer-accessible magnetoencephalography (MEG) brain scans to measure brain function and detect subtle signs of cognitive decline earlier.,"MYndspan is unusual in bringing MEG, a traditionally expensive institutional modality, into a consumer-facing brain-health offering. This is strategically distinctive but commercially narrow, given the infrastructure and pricing constraints inherent to MEG-based services.",https://myndspan.com/,https://www.neurofounders.co/startups/myndspan,https://cdn.prod.website-files.com/69401bfa528d1f131f2aa9ca/697b59cf92018b862c0cc058_renita_medical_logo.jpeg,idun-technologies; naox-technologies; atlas; neuvana; connectome-health
nalu-medical,Nalu Medical,USA,Neuromodulation,Therapeutics; Clinical Workflows,2017,Acquired,Nerve stimulator,,,Pain/migraine,,FDA cleared (510k),"Developing an implantable neuromodulation system with a miniaturized, battery-free architecture for chronic pain and neurological conditions.","Nalu Medical is one of the more commercially advanced miniaturized neuromodulation companies, using a battery-free implant architecture to reduce implant burden in chronic pain treatment. Its FDA-cleared status and acquisition support make it a credible procedural innovator in peripheral neuromodulation.",https://www.nalumed.com/,https://www.neurofounders.co/startups/nalu-medical,https://cdn.prod.website-files.com/69401bfa528d1f131f2aa9ca/69512d242c52733e80a0fa2e_nalu_medical_inc_logo.jpeg,salvia-bioelectronics; neuronoff; capri-medical; cefaly; neuros-medical
naox-technologies,NAOX Technologies,France,Neuroimaging,Monitoring; Clinical Workflows,2018,Seed,EEG,,,Sleep,,FDA cleared (510k),Developing an in-ear EEG system for continuous brain activity monitoring in clinical and home settings.,"NAOX Technologies is positioned around in-ear EEG as a continuous monitoring modality that could bridge clinical and home use. Its discreet form factor is compelling, though it must still prove that ear-EEG delivers sufficient signal quality for meaningful medical applications.",https://naox-technologies.com,https://www.neurofounders.co/startups/naox-technologies,https://cdn.prod.website-files.com/69401bfa528d1f131f2aa9ca/69625dfd4f106d48d33e4b34_naox_technologies_logo.jpeg,idun-technologies; nextsense; atlas; neurable; neurox
naqi-logix,Naqi Logix,Canada,Consumer Neurotech,Assistive Technology; OEM,2020,Seed,EEG,,,Other,,Non-medical,"Developing non-invasive neural earbuds that translate brain, muscle, and facial signals into hands-free digital device control.","Naqi Logix sits at the intersection of consumer BCI, assistive technology, and spatial-computing input. Its positioning is differentiated by using earbuds as a neural-interface form factor, giving it a more familiar hardware pathway than headset-based or implantable control systems.",https://www.naqilogix.com,https://www.neurofounders.co/startups/naqi-logix,https://cdn.prod.website-files.com/69401bfa528d1f131f2aa9ca/6a1d4ac8350945fd90cf309e_1630639934308.jpeg,idun-technologies; wisear; wearable-devices; cognixion; ctrl-labs
navifus,NaviFUS,Taiwan,Tools and Infrastructure,Therapeutics; Experimental,2015,Public,Ultrasound,,,Other,,Investigational,Developing neuronavigation-guided focused ultrasound systems for blood-brain barrier opening and neuromodulation in brain tumors and epilepsy.,"NaviFUS sits in the focused ultrasound drug-delivery infrastructure layer, with BBB opening as the clearest clinical and strategic focus. Its profile is unusually advanced for the category, with multiple clinical programs, public-market access in Taiwan, and partnerships around microbubble-enabled CNS delivery.",https://navifus.com,https://www.neurofounders.co/startups/navifus,https://cdn.prod.website-files.com/69401bfa528d1f131f2aa9ca/6a41e783b8acef9eb8c51eee_navifus_corporation_logo.jpeg,carthera; sononeu; sonomind; therasonic; attune-neurosciences
nervonik,Nervonik,USA,Neuromodulation,Therapeutics; Clinical Workflows,2020,Seed,Nerve stimulator,,,Pain/migraine,,Investigational,"Developing a non-invasive peripheral nerve stimulation platform for chronic pain, neurological rehabilitation, and autonomic modulation.","Nervonik is an early-stage non-invasive peripheral nerve stimulation company targeting chronic pain without implants. The segment is highly competitive with established players, and differentiation requires demonstrating meaningful outcome improvements over conventional TENS or more established wearable nerve stimulators.",https://nervonik.com/,https://www.neurofounders.co/startups/nervonik,https://cdn.prod.website-files.com/69401bfa528d1f131f2aa9ca/69df6fc506fb395424e09989_nervonik_inc_logo.jpg,cefaly; theranica; neuros-medical; spr-pain-relief
netholabs,Netholabs,UK,Tools and Infrastructure,Data Infrastructure; Experimental,2022,Seed,Software,,,Research,,Research only,Developing large-scale neural-behavioral datasets and whole-brain functional recording systems for ethology and whole-brain emulation research.,"Netholabs is best understood as a data infrastructure company for large-scale neural-behavioral datasets and whole-brain functional recording, serving frontier neuroscience rather than clinical markets. Its strategic value would come from owning unique data assets and tooling.",https://netholabs.com/,https://www.neurofounders.co/startups/netholabs,https://cdn.prod.website-files.com/69401bfa528d1f131f2aa9ca/6a1edb264a03a31dc69efe96_netholabs_logo.jpeg,nimbus; karavela-ai; somareality; zander-labs; arctop
neubond,Neubond,United Kingdom,Neuromodulation,Therapeutics; Rehabilitation,2024,Seed,Nerve stimulator,,,Stroke,,Investigational,Developing wearable closed-loop neurorehabilitation devices that detect movement intention and stimulate muscles for home-based stroke recovery.,"Neubond sits in home-based stroke neurorehabilitation, using wearable sensing and stimulation to make movement-intention training more continuous outside the clinic. Its positioning is differentiated by an Imperial-origin closed-loop interface, with clinical and regulatory translation still early.",https://neubond.co.uk,https://www.neurofounders.co/startups/neubond,https://cdn.prod.website-files.com/69401bfa528d1f131f2aa9ca/6a41e9932d19d3a3d0e0c848_neubond_logo.jpeg,cionic; cala-health; encora-therapeutics; empatica; magnetic-tides
neucyber-neurotech,NeuCyber NeuroTech,China,Brain-Computer Interface,Assistive Technology; Experimental,2023,Non-dilutive,Intracortical,,,Paralysis/motor,,Investigational,Developing semi-invasive brain-computer interface implants to decode neural signals for assistive control in patients with paralysis.,"NeuCyber NeuroTech sits in China’s state-backed implantable BCI ecosystem, with Beinao-1 focused on assistive control for patients with severe motor impairment. Its positioning is notable for using a semi-invasive cortical-surface approach as part of a broader national push toward domestic BCI development.",,https://www.neurofounders.co/startups/neucyber-neurotech,https://cdn.prod.website-files.com/69401bfa528d1f131f2aa9ca/6a1d79265fcb7d3c23d12b11_Flag_of_the_People%27s_Republic_of_China_(cropped).svg.png,neuracle; stairmed; zhiran-medical; synchron; neuralink
neunos,Neunos,Hungary,Neuromodulation,Experimental; Closed-loop,2018,Non-dilutive,Intracortical,,,Epilepsy,,Investigational,"Developing an implantable, closed-loop seizure suppression system that detects epileptic activity and delivers transcranial electrical stimulation to terminate episodes.","Neunos is developing a closed-loop seizure suppression platform, pairing detection with responsive stimulation to terminate epileptic activity. This places it in the same high-value therapeutic category as responsive neurostimulation systems, though at a much earlier stage.",http://www.neunos.com,https://www.neurofounders.co/startups/neunos,https://cdn.prod.website-files.com/69401bfa528d1f131f2aa9ca/697b5560e4e5828b120ee00b_neunos_logo.jpeg,neuralpulse; synergia-medical; epiminder; inbrain-neuroelectronics; neurosoft-bioelectronics
neupulse,Neupulse,UK,Neuromodulation,Therapeutics; Pediatric,2021,Seed,Nerve stimulator,,,Neurodevelopmental,,Investigational,Developing a wearable neuromodulation device using median nerve stimulation to reduce tic frequency in Tourette Syndrome.,"Neupulse targets Tourette syndrome through wearable median nerve stimulation, addressing an under-served neurological indication with a non-invasive approach. Its differentiation is largely indication-specific, which can be strategically powerful if clinical efficacy is proven.",https://www.neupulse.co,https://www.neurofounders.co/startups/neupulse,https://cdn.prod.website-files.com/69401bfa528d1f131f2aa9ca/69ce8ac4022788d451f9e8d3_1643634361614.jpeg,mindmuscle; neuraura; neuronoff; cala-health; theranica
neurable,Neurable,USA,Consumer Neurotech,Wellness; Monitoring,2015,Series A,EEG,,,Wellness,,Non-medical,Developing BCI-enabled headphones and AI-driven platforms that turn brain signals into control and cognitive insight via everyday wearables.,"Neurable is one of the more visible attempts to embed BCI into everyday consumer hardware, shifting EEG from headsets to headphone-like wearables. Its strategic bet is that convenience and design will unlock adoption where traditional BCI form factors have failed.",https://www.neurable.com/,https://www.neurofounders.co/startups/neurable,https://cdn.prod.website-files.com/69401bfa528d1f131f2aa9ca/694bd250244db8ff9634d36c_neurable_logo.jpeg,nextsense; wisear; naox-technologies; idun-technologies; atlas
neuracle,Neuracle,China,Brain-Computer Interface,Assistive Technology; Therapeutics,2011,Series C+,ECoG,,,Paralysis/motor,,Other approval,Developing an implantable BCI system that decodes motor intent to support hand grasp restoration after cervical spinal cord injury.,"Neuracle sits in China’s clinical BCI segment, with NEO positioned around hand grasp restoration after cervical spinal cord injury. Its positioning is differentiated by a minimally invasive extradural interface and a narrow approved motor-restoration use case.",https://www.neuracle.cn,https://www.neurofounders.co/startups/neuracle,https://cdn.prod.website-files.com/69401bfa528d1f131f2aa9ca/6a1d78c5e96dbab2b75649c0_cDTfw6zP7vFwLWqB7yPFMzmGEA51671124273252_200x200.png,neucyber-neurotech; stairmed; zhiran-medical; synchron; onward-medical
neural-galaxy,Neural Galaxy,China,Neuromodulation,Therapeutics; Closed-loop,2019,Series A,TMS,,,Multi-indication,,Investigational,Developing a precision non-invasive neuromodulation platform that uses individualized brain functional mapping to guide targeted iTBS stimulation.,"Neural Galaxy sits in precision non-invasive neuromodulation, using individualized functional brain mapping to guide targeted stimulation across neurological and psychiatric indications. Its positioning is notable within China’s brain-tech ecosystem because it links mapping, decoding, and TMS-based intervention into a multi-indication clinical platform.",https://www.neuralgalaxy.com,https://www.neurofounders.co/startups/neural-galaxy,https://cdn.prod.website-files.com/69401bfa528d1f131f2aa9ca/6a1d7877ea21c3e5962b935c_neural_galaxy_logo.jpeg,nexstim; magnus-medical; sinaptica-therapeutics; brainsway; ampa-health
neuralight,NeuraLight,Israel,Diagnostics and Assessment,Machine Learning; Decision Support,2021,Series A,Biomarkers,,,Parkinson's,,Research only,Extracting eye-movement biomarkers via AI and computer vision from standard webcams or smartphones to accelerate CNS drug development and neurology diagnostics.,"NeuraLight is best understood as a pharma-enabling biomarker company, using eye-movement analysis from ordinary cameras to generate objective CNS endpoints for trials and diagnostics. Its modality is low-friction and scalable, giving it strong appeal in decentralized and data-rich clinical settings.",https://neuralight.ai,https://www.neurofounders.co/startups/neuralight,https://cdn.prod.website-files.com/69401bfa528d1f131f2aa9ca/694bd238bff8b8c11a39e3fe_1689650086158.jpeg,alto-neuroscience; machine-medicine; rune-labs; empatica; kneu-health
neuralink,Neuralink,USA,Brain-Computer Interface,Rehabilitation; Therapeutics,2016,Series C+,Intracortical,,,Paralysis/motor,,Investigational,"Developing high-channel-count implantable brain-computer interfaces to restore motor function, enable communication, and eventually merge humans with AI.","Neuralink is the most visible high-bandwidth invasive BCI company, differentiated by its vertically integrated approach spanning surgical robotics, custom chips, and implantable threads. Its profile and capital access are unmatched, though its long-term ambitions still far exceed its current clinical scope.",https://neuralink.com/,https://www.neurofounders.co/startups/neuralink,https://cdn.prod.website-files.com/69401bfa528d1f131f2aa9ca/694bd280118507ddea8dcdff_neuralink_logo.jpeg,precision-neuroscience; synchron; blackrock-neurotech; cortec; inbrain-neuroelectronics
neuralpulse,NeuralPulse,UK,Neuromodulation,Closed-loop; Therapeutics,2025,Non-dilutive,Intracortical,,,Epilepsy,,Investigational,"Creating implantable adaptive neuromodulation that probes brain responses, predicts seizures, and delivers responsive stimulation to prevent them.","NeuralPulse is positioned in adaptive epilepsy neuromodulation, combining brain-response probing with predictive stimulation in a closed-loop implant architecture. It remains highly early-stage but fits squarely within the broader transition from open-loop to responsive therapies.",https://www.neural-pulse.com/,https://www.neurofounders.co/startups/neuralpulse,https://cdn.prod.website-files.com/69401bfa528d1f131f2aa9ca/694bd26462778a03ef7d049f_neural_pulse_logo.jpeg,neunos; synergia-medical; inbrain-neuroelectronics; epiminder; epitel
neuramatrix,NeuraMatrix,China,Tools and Infrastructure,Data Infrastructure; Closed-loop,2019,Series A,Multimodal,,,Research,,Unknown,"Developing neural-interface hardware, chips, and software platforms for invasive BCI research, clinical development, and neural data infrastructure.","NeuraMatrix sits in China’s BCI infrastructure layer, providing chips, neural-interface hardware, software, and data systems for downstream research and clinical translation. Its positioning is notable because it supplies enabling components across invasive, non-invasive, recording, and stimulation workflows.",https://www.neuramatrix.com.cn,https://www.neurofounders.co/startups/neuramatrix,https://cdn.prod.website-files.com/69401bfa528d1f131f2aa9ca/6a1d77b15c75015bd6d13808_images%20(2).png,blackrock-neurotech; cortec; paradromics; synchron; mintneuro
neuraura,Neuraura,Canada,Neuromodulation,Therapeutics; Monitoring,2017,Seed,Nerve stimulator,,,Women's health,,Investigational,Developing wearable bioelectronic devices combining micro-electrodes and stimulation to relieve PCOS symptoms and enhance personalized chronic care.,"Neuraura occupies a niche at the intersection of women’s health and bioelectronic medicine, using wearable neuromodulation for PCOS symptom management. Its differentiation comes more from indication choice than modality novelty, giving it a distinct but narrow market position.",https://www.getlooop.com,https://www.neurofounders.co/startups/neuraura,https://cdn.prod.website-files.com/69401bfa528d1f131f2aa9ca/69773b02b17249477c742841_loops.jpg,amber-therapeutics; samphire-neuroscience; spark-biomedical; neupulse; neuronoff
neuraworx,NeuraWorx,USA,Neuromodulation,Experimental; Therapeutics,2021,Seed,Others,,,Multi-indication,,Investigational,Developing bioelectronic neuromodulation technologies to enhance cerebral waste clearance by modulating cerebrovascular dynamics and glymphatic system function.,"NeuraWorx is developing neuromodulation technologies aimed at influencing glymphatic and cerebrovascular dynamics, a mechanistically unusual angle compared with mainstream stimulation companies. This makes it scientifically differentiated, though also comparatively speculative.",https://www.neuraworx.com/,https://www.neurofounders.co/startups/neuraworx,https://cdn.prod.website-files.com/69401bfa528d1f131f2aa9ca/69551333370e5b8b403db6ee_neuraworx_logo.jpeg,positrigo; subsense-inc; machinemd; spark-biomedical; openwater
neurinnov,Neurinnov,France,Neuromodulation,Rehabilitation; Therapeutics,2018,Non-dilutive,Nerve stimulator,,,Paralysis/motor,,Investigational,Developing an implantable neurostimulation system that selectively activates nerves to restore hand and arm movement in paralysis.,"Neurinnov is building implantable stimulation systems for upper-limb restoration in paralysis, targeting functional recovery rather than general neuromodulation. It sits in the rehabilitation neuroprosthetics category, where clinical proof of meaningful motor gains will be decisive.",https://neurinnov.com/,https://www.neurofounders.co/startups/neurinnov,https://cdn.prod.website-files.com/69401bfa528d1f131f2aa9ca/697b5a2c00f71e3a1e89e4cc_neurinnov_logo.jpeg,manava-plus; neuralink; ruten-inc; synaptrix-labs; morph-labs
neuro-event-labs,Neuro Event Labs,Finland,Diagnostics and Assessment,Diagnostics; Monitoring,2015,Series A,Biomarkers,,,Epilepsy,,FDA cleared (510k),Providing an AI-powered video and audio seizure monitoring system for epilepsy diagnostics and clinical workflow support.,"Neuro Event Labs sits in the clinical seizure-monitoring infrastructure segment, using AI analysis of video and audio to support epilepsy diagnostics and follow-up. Its positioning is differentiated by focusing on objective seizure-event capture within clinical workflows, especially where continuous specialist observation is difficult to scale.",https://neuroeventlabs.com,https://www.neurofounders.co/startups/neuro-event-labs,https://cdn.prod.website-files.com/69401bfa528d1f131f2aa9ca/6a1d5e81b13ed286908f3f24_neuro_event_labs_logo.jpeg,theta-neurotech; empatica; eysz; beacon-biosignals; uneeg-medical
neuro42,Neuro42,USA,Neuroimaging,Diagnostics; Clinical Workflows,2020,Series A,(f)MRI,,,Head injury,,FDA cleared (510k),"Building FDA-cleared portable, robotic and AI-driven MRI platforms that bring real-time neuroimaging and interventional guidance directly to patients.","neuro42 is differentiated by combining portable MRI with robotics and AI, targeting bedside imaging and interventional guidance rather than conventional radiology throughput. Its ambition is significant, though execution requires mastering both hardware complexity and hospital integration.",http://www.neuro42.ai/,https://www.neurofounders.co/startups/neuro42,https://cdn.prod.website-files.com/69401bfa528d1f131f2aa9ca/694bdb2be6fb706840d2a27e_1719951015875.jpeg,deepspin; cerebriu; cercare-medical; brainkey; emvision
neuroacoustics,Neuroacoustics,USA,Neuromodulation,Closed-loop; Therapeutics,2023,Pre-seed,Light/sound,,,Sleep,,Preclinical,"Using non-invasive acoustic stimulation during sleep to modulate brain oscillations and improve cognition, neurological health, and sleep quality.","Neuroacoustics sits in the sleep and cognition modulation segment, using acoustic stimulation to shape brain oscillations non-invasively. Its approach is low-risk and accessible, though it competes in a crowded field of sleep-focused neurostimulation and wellness products.",https://www.neuroacoustics.io/,https://www.neurofounders.co/startups/neuroacoustics,https://cdn.prod.website-files.com/69401bfa528d1f131f2aa9ca/694bd2f2a3c97dafaae9f14b_neuroacoustics_logo.jpeg,neurolight; naox-technologies; nextsense; x-trodes; noctrix-health
neurobell,NeuroBell,Ireland,Diagnostics and Assessment,Pediatric; Monitoring,2022,Seed,EEG,,,Epilepsy,,Investigational,"Providing pocket‑sized, AI‑powered wireless EEG monitoring that detects neonatal seizures at the NICU bedside for early intervention.","NeuroBell targets a clear clinical pain point in neonatal seizure detection, using compact wireless EEG and AI for bedside monitoring in NICUs. Its niche is narrower than adult EEG platforms but potentially more defensible due to workflow specificity and urgency.",https://www.neurobell.com/,https://www.neurofounders.co/startups/neurobell,https://cdn.prod.website-files.com/69401bfa528d1f131f2aa9ca/694bd2ba76d4b35ad075c6f7_neurobell_logo.jpeg,elda-braintech; epitel; braincapture; theta-neurotech; ceribell
neurobionics,NeuroBionics,USA,Tools and Infrastructure,Experimental; OEM,2023,Seed,Endovascular,,,Multi-indication,,Preclinical,Developing minimally invasive implantable bioelectronic fiber systems for targeted neuromodulation therapies and integrated neural interfacing in clinical and research contexts.,"NeuroBionics is positioned at the materials-and-interface frontier, developing implantable bioelectronic fibers for targeted neuromodulation and sensing. This places it as enabling infrastructure for future implants rather than a fully formed therapeutic company today.",https://neurobionics.io/,https://www.neurofounders.co/startups/neurobionics,https://cdn.prod.website-files.com/69401bfa528d1f131f2aa9ca/6952d67b1bcebaf3705279e2_neurobionics_logo.jpeg,synchron; vonova; starfish-neuroscience; subsense-inc; longeviti-neuro-solutions
neurobrave,NeuroBrave,USA,Tools and Infrastructure,Machine Learning; Decision Support,2020,Seed,Software,,,Research,,Non-medical,Developing a hardware-agnostic AI software platform that converts wearable biosensor data into real-time cognitive and emotional state insights.,"NeuroBrave is best understood as a software analytics layer for wearable biosensors, translating multimodal data into cognitive and emotional insights. Its differentiation depends on model quality and developer adoption rather than proprietary hardware.",http://neurobrave.com,https://www.neurofounders.co/startups/neurobrave,https://cdn.prod.website-files.com/69401bfa528d1f131f2aa9ca/69512dcb4be1cfd6177fe14b_neurobrave_logo.jpeg,yneuro; zander-labs; surf-therapeutics; purple-gaze; subtle-medical
neurocast,Neurocast,Netherlands,Diagnostics and Assessment,Diagnostics; Machine Learning,2017,Seed,Software,,,Multi-indication,,Investigational,"Passively monitoring brain health via AI-based keystroke and smartphone behavior analysis, delivering real-world neurological data non-invasively.","Neurocast occupies the passive digital biomarker segment, inferring neurological state from keystrokes and smartphone behavior rather than dedicated sensors. This low-friction model is appealing for scale, though it can struggle with signal specificity and clinical credibility.",https://www.neurocast.ai,https://www.neurofounders.co/startups/neurocast,https://cdn.prod.website-files.com/69401bfa528d1f131f2aa9ca/694bd312adc23654d48b97a8_neurocast_logo.jpeg,neuroventis; imeka; neurophet; bios-health; icometrix
neuroclues,neuroClues,Belgium,Diagnostics and Assessment,Diagnostics; Machine Learning,2020,Series A,Biomarkers,,,Parkinson's,,CE-Marked,Developing an AI-powered eye-tracking biomarker platform to support neurological assessment and monitoring in clinical practice.,"neuroClues sits in the clinical neurodiagnostics infrastructure segment, using eye-tracking biomarkers to support neurological assessment and monitoring. Its positioning is differentiated by translating oculomotor measurement into a CE-marked clinician-facing tool for Parkinsonian and broader neurological disorders.",https://neuroclues.com,https://www.neurofounders.co/startups/neuroclues,https://cdn.prod.website-files.com/69401bfa528d1f131f2aa9ca/6a1d5cefc5e22316b60c1642_neuroclues_logo.jpeg,neuralight; altoida; viewmind; beacon-biosignals; rune-labs
neuroconcise,NeuroCONCISE,UK,Tools and Infrastructure,Machine Learning; Assistive Technology,2016,Seed,EEG,,,Research,,Research only,Developing wearable EEG-based BCIs that use AI to translate brain activity into control signals for assistive communication and assessment.,"NeuroCONCISE develops wearable EEG BCIs for communication and assessment, placing it in the non-invasive assistive interface market. Its challenge is differentiation in a segment crowded with hardware-plus-software EEG entrants.",http://www.neuroconcise.co.uk,https://www.neurofounders.co/startups/neuroconcise,https://cdn.prod.website-files.com/69401bfa528d1f131f2aa9ca/697b541b7479b3f127e93108_neuroconcise_ltd_logo.jpeg,anthriq; bitbrain; emotiv; g-tec; synchroni
neurode,Neurode,Australia,Neuromodulation,Therapeutics; Experimental,2021,Pre-seed,tDCS/tES,,,Psychiatry,,Investigational,"Offerign a wearable, drug-free headband that stimulates and tracks brain activity for managing ADHD symptoms in just 20 minutes daily.","Neurode is positioned as a consumer-friendly ADHD neuromodulation platform, combining stimulation and tracking in a short daily routine. It straddles wellness and therapy, with the main strategic question being whether it can achieve medical-grade outcomes with consumer-grade simplicity.",https://www.neurodelabs.com,https://www.neurofounders.co/startups/neurode,https://cdn.prod.website-files.com/69401bfa528d1f131f2aa9ca/694bd33717448a8b3f6ce765_neurode_logo.jpeg,samphire-neuroscience; flow-neuroscience; mave-health; marbles-health; fisher-wallace-labs
neuroelectrics,Neuroelectrics,Spain,Neuromodulation,Therapeutics; Clinical Workflows,2011,Series A,EEG,,,Psychiatry,,Investigational,"Providing Starstim and Enobio devices for wireless EEG monitoring and non-invasive brain stimulation, applied in research, clinical trials, and therapy.","Neurode is positioned as a consumer-friendly ADHD neuromodulation platform, combining stimulation and tracking in a short daily routine. It straddles wellness and therapy, with the main strategic question being whether it can achieve medical-grade outcomes with consumer-grade simplicity.",https://www.neuroelectrics.com/,https://www.neurofounders.co/startups/neuroelectrics,https://cdn.prod.website-files.com/69401bfa528d1f131f2aa9ca/694bd34f813747f4be05d146_neuroelectrics_barcelona_s_l__logo%20(1).jpeg,fisher-wallace-labs; g-tec; flow-neuroscience; marbles-health; mave-health
neuroem-therapeutics,NeuroEM Therapeutics,USA,Neuromodulation,Aging; Experimental,2013,Series A,Others,,,Dementia/impairment,,Investigational,Developing wearable head devices delivering transcranial electromagnetic treatment (TEMT) for Alzheimer’s and related dementias.,"NeuroEM Therapeutics operates in the electromagnetic treatment segment for Alzheimer’s, using wearable TEMT devices aimed at slowing or improving cognitive decline. It sits in a mechanistically distinct but still investigational subset of dementia neuromodulation.",https://neuroem.com/,https://www.neurofounders.co/startups/neuroem-therapeutics,https://cdn.prod.website-files.com/69401bfa528d1f131f2aa9ca/694bd2db04d2c70d41a89ee3_neuroem_logo.jpeg,clarity; cognito-therapeutics; bottneuro; grey-matter-neurosciences; linus-health
neurolief,Neurolief,Israel,Neuromodulation,Therapeutics; Clinical Workflows,2014,Seed,Nerve stimulator,,,Psychiatry,,FDA approved (PMA),"Delivers wearable, at-home neuromodulation via Relivion, stimulating multiple cranial nerve branches to relieve migraine and depression.","Neurolief is differentiated by its multi-branch cranial nerve stimulation headset, positioning Relivion as a more distributed neuromodulation approach than single-nerve wearables. Its approval pathway and at-home use case give it stronger commercial grounding than many consumer-adjacent stimulation products.",http://www.neurolief.com/,https://www.neurofounders.co/startups/neurolief,https://cdn.prod.website-files.com/69401bfa528d1f131f2aa9ca/694bd36895754d4c135f962a_neurolief_logo.jpeg,ampa-health; magnus-medical; flow-neuroscience; neurosigma; synergia-medical
neurolife,NeuroLife,United States,Neuromodulation,Therapeutics; Rehabilitation,2026,Seed,Nerve stimulator,,,Rehabilitation,,Investigational,Developing wearable neuromuscular sensing and stimulation sleeves for signal-driven hand and arm rehabilitation after stroke and spinal cord injury.,"NeuroLife sits in wearable neurorehabilitation, translating Battelle’s neural-bypass work into a non-invasive sleeve for upper-limb recovery. Its launch profile is early commercial translation, with seed funding, licensed platform technology, and FDA clearance still ahead.",https://www.neurolifetech.com,https://www.neurofounders.co/startups/neurolife,https://cdn.prod.website-files.com/69401bfa528d1f131f2aa9ca/6a41ea350496b4d4db1596ab_1781032057970.jpeg,neubond; cionic; cala-health; cortec; qviti
neurolight,NeuroLight,USA,Neuromodulation,Wellness; Experimental,2017,Non-dilutive,Light/sound,,,Sleep,,Investigational,Developing non-invasive neuromodulation technology using light and sound to induce and replicate targeted brain states.,"NeuroLight sits in the brain-state induction segment, using light and sound stimulation to drive targeted cognitive or sleep-related states. It remains closer to wellness and experimental self-regulation than to regulated neuromodulation therapy.",https://www.NeuroLight.co/,https://www.neurofounders.co/startups/neurolight,https://cdn.prod.website-files.com/69401bfa528d1f131f2aa9ca/69512faeaee7d6fa0596b32f_neurolight_logo.jpeg,neuroacoustics; somnee; prophetic; earable-neuroscience; neurovalens
neuromod,Neuromod,Ireland,Neuromodulation,Therapeutics; Clinical Workflows,2010,Series B,Light/sound,,,Auditory,,FDA cleared (510k),Developing non‑invasive bimodal neuromodulation device (Lenire) combining tongue and audio stimulation to reduce tinnitus symptoms.,"Neuromod has built one of the most distinctive products in tinnitus neurotechnology, using bimodal stimulation of the tongue and auditory system through Lenire. Its FDA clearance and focused indication make it one of the more successful examples of a category-defining neuromodulation company.",https://neuromod.com/,https://www.neurofounders.co/startups/neuromod,https://cdn.prod.website-files.com/69401bfa528d1f131f2aa9ca/694bd37df3846f1282e22761_neuromod_logo.jpeg,brainphonics; sana-health; clarity; cognito-therapeutics; neuronic
neuronic,Neuronic,UK,Consumer Neurotech,Wellness; Experimental,2021,Bootstrapped,Light/sound,,,Wellness,,Non-medical,"Producing wearable, non-invasive near-infrared light helmets that enhance memory, focus, sleep, and cognitive wellness through photobiomodulation.","Neuronic operates in consumer photobiomodulation, selling wearable light-based devices aimed at memory, sleep, and cognitive wellness. Its differentiation is primarily around at-home usability and branding rather than exclusive underlying science.",https://www.neuronic.online,https://www.neurofounders.co/startups/neuronic,https://cdn.prod.website-files.com/69401bfa528d1f131f2aa9ca/694bd4a4d2af33faff6f64ee_neuronic_devices_logo%20(1).jpeg,sens-ai; vielight; halo-neuroscience; neurosity; muse
neuronoff,Neuronoff,USA,Neuromodulation,Experimental; Therapeutics,2017,Seed,Nerve stimulator,,,Pain/migraine,,Investigational,"Developing a minimally invasive, needle-delivered neuromodulation electrode platform to expand access to peripheral nerve stimulation for chronic pain treatment.","Neuronoff is developing a minimally invasive peripheral nerve stimulation electrode platform, aiming to simplify implantation and expand access for chronic pain treatment. Its appeal lies in procedural innovation more than in a new therapeutic mechanism.",https://www.neuronoff.com/,https://www.neurofounders.co/startups/neuronoff,https://cdn.prod.website-files.com/69401bfa528d1f131f2aa9ca/6951307b1c94deb52f7705a7_neuronoff_logo%20(1).jpeg,salvia-bioelectronics; capri-medical; nalu-medical; neuros-medical; cefaly
neuronostics,Neuronostics,UK,Diagnostics and Assessment,Diagnostics; Decision Support,2018,Seed,EEG,,,Epilepsy,,CE-Marked,"Applying AI and mathematical modeling to EEG data to generate rapid, digital biomarkers that pinpoint seizure risk and support epilepsy diagnosis.","Neuronostics is a software biomarker company for epilepsy, using EEG and mathematical modeling to quantify seizure risk and diagnostic likelihood. It is differentiated by its modeling depth, though ultimate adoption depends on whether outputs improve decision-making beyond expert interpretation.",https://neuronostics.com/,https://www.neurofounders.co/startups/neuronostics,https://cdn.prod.website-files.com/69401bfa528d1f131f2aa9ca/694bd3ab72d5b529dbac7aef_neuronostics_logo.jpeg,eysz; deegtal; farow; brainsightai; ceribell
neuroone,NeuroOne,USA,Tools and Infrastructure,Monitoring; OEM,2014,Public,sEEG,,,Epilepsy,,FDA cleared (510k),"Developing thin-film implantable electrodes to enable high-precision neural recording, stimulation, and ablation in neurosurgical and neurological care.","NeuroOne sits at the intersection of implantable electrodes and therapeutic intervention, with thin-film systems supporting recording, stimulation, and ablation in epilepsy care. Its FDA-cleared footprint gives it a practical edge over earlier-stage implant component companies.",https://www.neuroonemedical.com/,https://www.neurofounders.co/startups/neuroone,https://cdn.prod.website-files.com/69401bfa528d1f131f2aa9ca/6951313c9163bef776e75f20_n1mtc_logo.jpeg,precisis; uneeg-medical; neuralpulse; synergia-medical; neunos
neuropace,NeuroPace,USA,Neuromodulation,Closed-loop; Therapeutics,1997,Public,Nerve stimulator,,,Epilepsy,,FDA approved (PMA),Developing an implantable closed-loop responsive neurostimulation system that detects abnormal brain activity and delivers targeted stimulation to reduce seizures in drug-resistant focal epilepsy.,"NeuroPace is one of the few commercially validated closed-loop neuromodulation platforms, demonstrating real-world efficacy in epilepsy. It represents a benchmark for next-generation adaptive neurostimulation systems targeting neurological disorders.",https://www.neuropace.com/,https://www.neurofounders.co/startups/neuropace,https://cdn.prod.website-files.com/69401bfa528d1f131f2aa9ca/69df67bea67a97b0bae209ed_neuropace_logo.jpeg,neunos; neuralpulse; neuroone; precisis; synergia-medical
neuropacs,Neuropacs,United States,Diagnostics and Assessment,Diagnostics; Machine Learning,2021,Seed,(f)MRI,,,Parkinson's,,FDA cleared (510k),Providing AI software that analyzes diffusion MRI scans to differentiate Parkinson's disease from atypical parkinsonian syndromes.,"Neuropacs cleared a new FDA De Novo category rather than fitting into an existing one, becoming the first authorized ""Parkinsonian syndrome diagnostic aid"" and giving it a regulatory moat competitors would need their own submission to match. Its imaging biomarker is now being positioned alongside molecular tests like CSF alpha-synuclein assays, suggesting a combined-biomarker diagnostic pathway rather than a single-test replacement for existing workups.",https://neuropacs.com,https://www.neurofounders.co/startups/neuropacs,https://cdn.prod.website-files.com/69401bfa528d1f131f2aa9ca/6a783f949debe2783a7f4a00_1678830258897.jpeg,neurotrack; brainkey; icometrix; brainquant; cerebriu
neurophet,Neurophet,South-Korea,Neuroimaging,Diagnostics; Decision Support,2016,Public,(f)MRI,,,Multi-indication,,FDA cleared (510k),Developing AI-driven neuroimaging software to analyze brain MRI scans for early detection and monitoring of neurodegenerative diseases.,"Neurophet is one of the more mature AI neuroimaging companies in Asia, applying MRI analysis to neurodegenerative disease detection and monitoring. Its public status and regulatory clearances give it greater commercial credibility than many newer imaging software entrants.",https://www.neurophet.com/,https://www.neurofounders.co/startups/neurophet,https://cdn.prod.website-files.com/69401bfa528d1f131f2aa9ca/6951319aa037c5271b72341e_neurophet_logo.jpeg,imeka; icometrix; sevaro; bios-health; neuroventis
neuros-medical,Neuros Medical,USA,Neuromodulation,Therapeutics; Clinical Workflows,2008,Series C+,Nerve stimulator,,,Pain/migraine,,FDA approved (PMA),Developing an implantable neuromodulation system to treat chronic pain by blocking pain signals in peripheral nerves.,"Neuros Medical is differentiated by its use of high-frequency electrical nerve block for chronic pain, targeting signal suppression rather than conventional stimulatory modulation. This mechanistic distinction gives it a clearer identity within the broader pain neuromodulation market.",https://www.neurosmedical.com/,https://www.neurofounders.co/startups/neuros-medical,https://cdn.prod.website-files.com/69401bfa528d1f131f2aa9ca/69513cc01f07ca7587f887d6_neuros_medical_inc_logo.jpeg,theranica; cefaly; salvia-bioelectronics; nalu-medical; neuronoff
neurosigma,NeuroSigma,USA,Neuromodulation,Pediatric; Therapeutics,2007,Series A,Nerve stimulator,,,Psychiatry,,FDA cleared (510k),Developing non-invasive trigeminal nerve stimulation devices to treat pediatric ADHD and other neurological conditions.,"NeuroSigma occupies a valuable niche in pediatric neuromodulation, with trigeminal nerve stimulation for ADHD offering a non-drug option in a population sensitive to medication concerns. Its FDA-cleared position is a meaningful barrier in an otherwise lightly populated segment.",https://www.neurosigma.com/,https://www.neurofounders.co/startups/neurosigma,https://cdn.prod.website-files.com/69401bfa528d1f131f2aa9ca/69513d583629f1eaccdd4e71_neurosigmainc_logo.jpeg,neurolief; synergia-medical; sonomind; magnus-medical; sooma-medical
neurosity,Neurosity,USA,Consumer Neurotech,Wellness; Monitoring,2018,Seed,EEG,,,Wellness,,Non-medical,"Offering a wearable EEG headset (the Crown) with AI-powered feedback that plays music to enhance focus, mindfulness, and mental state tracking.","Neurosity is positioned as a polished consumer EEG company focused on focus, mindfulness, and productivity, using AI feedback in a lifestyle-oriented device. Its differentiation lies in product experience and community more than in uniquely proprietary sensing.",https://neurosity.co/,https://www.neurofounders.co/startups/neurosity,https://cdn.prod.website-files.com/69401bfa528d1f131f2aa9ca/694bd3c4f3cae00758275959_neurosity_logo.jpeg,sens-ai; brainbit; muse; emotiv; brainco
neurosoft-bioelectronics,Neurosoft Bioelectronics,Switzerland,Brain-Computer Interface,Closed-loop; Assistive Technology,2020,Seed,ECoG,,,Epilepsy,,Investigational,"Developing ultra-soft, foldable neural implants and AI-driven decoding to monitor and modulate brain activity for epilepsy, tinnitus, and rehab.","Neurosoft Bioelectronics is developing ultra-soft implants intended to reduce tissue damage and improve long-term signal quality in epilepsy and related applications. It sits in the same next-generation implant materials trend as Axoft and INBRAIN, though at an earlier stage of translation.",https://www.neurosoft-bio.com/,https://www.neurofounders.co/startups/neurosoft-bioelectronics,https://cdn.prod.website-files.com/69401bfa528d1f131f2aa9ca/694bd3dd35847d327e53b966_neurosoft_bioelectronics_logo.jpeg,inbrain-neuroelectronics; wise; axoft; precision-neuroscience; science-corp
neurosteer,Neurosteer,USA,Neuroimaging,Monitoring; Clinical Workflows,2015,Non-dilutive,EEG,,,Multi-indication,,FDA cleared (510k),"Equipping clinicians with a wearable, medical-grade EEG system that delivers real-time neural biomarkers via a head-adhered sensor and cloud analytics.","Neurosteer is differentiated by a compact, single-channel-style EEG form factor paired with cloud analytics, aiming to make neural biomarkers more deployable in routine care. Its practical simplicity is a major advantage, though it may trade off some richness of signal versus full-cap systems.",https://www.neurosteer.com/,https://www.neurofounders.co/startups/neurosteer,https://cdn.prod.website-files.com/69401bfa528d1f131f2aa9ca/694bd3f5378599b5cf05d0e8_1631370355066.jpeg,bioserenity; beacon-biosignals; openwater; positrigo; spark-biomedical
neurotrack,Neurotrack,USA,Diagnostics and Assessment,Diagnostics; Aging,2012,Series C+,Software,,,Dementia/impairment,,FDA cleared (510k),"Providing digital cognitive assessments that use eye-tracking and AI to deliver fast, validated screening for dementia and Alzheimer’s risk.","Neurotrack is one of the better-known digital cognitive assessment companies, historically emphasizing eye-tracking and AI for dementia screening. Its FDA-cleared status strengthens its clinical position, though competition in digital cognition has become increasingly crowded.",http://www.neurotrack.com/,https://www.neurofounders.co/startups/neurotrack,https://cdn.prod.website-files.com/69401bfa528d1f131f2aa9ca/694bd40c7f8b4b0365ea2bca_neurotrack_logo.jpeg,neuralight; purple-gaze; linus-health; braincheck; cognision
neurovalens,Neurovalens,UK,Neuromodulation,Monitoring; Therapeutics,2013,Seed,Nerve stimulator,,,Sleep,,FDA cleared (510k),"Developing FDA-cleared, non-invasive vestibular neurostimulation wearables (Modius Sleep, Modius Stress) to treat insomnia, anxiety, and metabolic disorders.","Neurovalens is positioned around non-invasive vestibular neurostimulation, an unusual modality that gives it a distinct identity across sleep, anxiety, and metabolic applications. Its FDA-cleared products provide tangible commercial validation, even if the mechanism remains less familiar than mainstream nerve stimulation.",https://neurovalens.com/,https://www.neurofounders.co/startups/neurovalens,https://cdn.prod.website-files.com/69401bfa528d1f131f2aa9ca/694bd42b540ef275d6e0934e_neurovalens_logo.jpeg,noctrix-health; nyxoah; neurolight; somnee; earable-neuroscience
neuroventis,Neuroventis,Belgium,Diagnostics and Assessment,Monitoring; Clinical Workflows,2017,Acquired,Software,,,Multi-indication,,CE-Marked,"Empowering epilepsy and migraine patients with mobile apps (Helpilepsy, MigraineManager) for logging symptoms and safely sharing data with their neurologists.","Neuroventis is best understood as a patient-management and monitoring software company for migraine and epilepsy rather than a core neurotechnology innovator. Its value lies in symptom tracking and data sharing, not proprietary sensing or intervention.",http://www.neuroventis.care/,https://www.neurofounders.co/startups/neuroventis,https://cdn.prod.website-files.com/69401bfa528d1f131f2aa9ca/694bd450c7882009e7f6e6f2_helpilepsy_logo.jpeg,icometrix; imeka; neurophet; bios-health; sevaro
neurowyzr,Neurowyzr,Singapore,Diagnostics and Assessment,Monitoring; Wellness,2019,Seed,Biomarkers,,,Dementia/impairment,,Other approval,Developing a digital cognitive training platform that uses neuroscience-informed tasks to support mental performance and brain health.,"Neurowyzr occupies the digital cognitive training segment, using neuroscience-framed tasks to support performance and brain health. It sits closer to structured brain-fitness software than to regulated neurodiagnostics or therapeutics.",https://www.neurowyzr.com/,https://www.neurofounders.co/startups/neurowyzr,https://cdn.prod.website-files.com/69401bfa528d1f131f2aa9ca/69513dc34311cf7008d9c085_cognifyx_logo.jpeg,winterlight-labs; altoida; braintrip; retispec; kneu-health
neurox,NeuroX,UK,Consumer Neurotech,Monitoring; Wellness,2024,Unknown,EEG,,,Wellness,,Non-medical,Developing wearable in-ear EEG devices combined with AI for continuous brain monitoring and early cognitive decline detection.,"NeuroX is positioned in the emerging in-ear EEG wellness category, using wearable monitoring for cognitive decline and brain-health insights. Its consumer-first framing makes adoption easier, but also lowers its clinical defensibility.",https://www.neurox.co.uk/,https://www.neurofounders.co/startups/neurox,https://cdn.prod.website-files.com/69401bfa528d1f131f2aa9ca/697b58ae3905e3bf8730a8e3_1715172118085.jpeg,nextsense; atlas; wisear; neurable; idun-technologies
neuroxess,NeuroXess,China,Brain-Computer Interface,Clinical Workflows; Assistive Technology,2021,Series A,ECoG,,,Paralysis/motor,,Investigational,Developing implantable brain-computer interface systems to restore communication and motor function in patients with severe neurological impairment.,"NeuroXess is an implantable BCI company focused on restoring communication and motor function, positioning itself in the same broad assistive category as Synchron and Precision Neuroscience. It appears to be at an earlier stage with less public visibility, making differentiation harder to assess.#",https://en.neuroxess.com/,https://www.neurofounders.co/startups/neuroxess,https://cdn.prod.website-files.com/69401bfa528d1f131f2aa9ca/69513de081701ec897a96306_1720406560515.jpeg,precision-neuroscience; neuralink; ability-neurotech; inbrain-neuroelectronics; synchron
neuspera,Neuspera,USA,Neuromodulation,Therapeutics; Clinical Workflows,2019,Series C+,Nerve stimulator,,,Other,,FDA approved (PMA),Developing a wirelessly powered implantable neuromodulation system for treating pelvic health and chronic neurological conditions.,"Neuspera is one of the more commercially advanced wireless implant companies, using a battery-free architecture for neuromodulation in pelvic and chronic conditions. Its PMA-level status puts it ahead of many similarly miniaturized implant startups.",https://www.neuspera.com/,https://www.neurofounders.co/startups/neuspera,https://cdn.prod.website-files.com/69401bfa528d1f131f2aa9ca/69513e536cdd54566b0496bf_neusperamedicalinc_logo.jpeg,sensars; nia-therapeutics; wise; neuraura
neuvana,Neuvana,USA,Consumer Neurotech,Wellness; Experimental,2015,Non-dilutive,VNS,,,Wellness,,Non-medical,"Offering Xen, a wearable headphone system that delivers gentle transcutaneous vagus nerve stimulation to reduce stress, improve sleep, and boost focus.","Neuvana sits in the consumer vagus nerve stimulation market, embedding tVNS into a headphone-style device aimed at stress, sleep, and focus. It is differentiated more by form factor and lifestyle positioning than by clinical rigor.",https://neuvanalife.com/,https://www.neurofounders.co/startups/neuvana,https://cdn.prod.website-files.com/69401bfa528d1f131f2aa9ca/694bd46a383ea5688968282f_neuvana_logo.jpeg,vagustim; sharper-sense; atlas; wisear; neurable
neuvotion,Neuvotion,United States,Neuromodulation,Closed-loop; Assistive Technology,2019,Series A,Multimodal,,,Paralysis/motor,,FDA cleared (510k),Providing an AI-guided brain-body interface platform combining minimally invasive BCI and neurostimulation to restore movement after stroke and spinal cord injury.,"An already-cleared, non-invasive stimulation product funds the runway toward a minimally invasive BCI still in development, giving Neuvotion commercial revenue that most BCI-stage companies lack. The double neural bypass approach targets movement and sensation together, aligning it with SCI-focused neuromodulation players like Onward Medical.",https://www.neuvotion.com,https://www.neurofounders.co/startups/neuvotion,https://cdn.prod.website-files.com/69401bfa528d1f131f2aa9ca/6a71ffda2dc600b47a1d721f_neuvotion_inc_logo.jpeg,onward-medical; blackrock-neurotech; motif-neurotech; reach-neuro; synchron
newronika,Newronika,Italy,Neuromodulation,Closed-loop; Therapeutics,2016,Series B,DBS,,,Parkinson's,,CE-Marked,"Developing AlphaDBS, a closed-loop deep brain stimulation implant that adapts therapy in real-time based on brain signals to treat Parkinson’s disease.","Newronika is among the leading closed-loop DBS startups, using adaptive stimulation based on recorded neural signals for Parkinson’s disease. Its CE-marked status and focused indication make it one of the more concrete challengers to incumbent DBS manufacturers.",http://www.newronika.com,https://www.neurofounders.co/startups/newronika,https://cdn.prod.website-files.com/69401bfa528d1f131f2aa9ca/694bd482c8ab85eb093ff224_1631313684906.jpeg,aleva-neurotherapeutics; inbrain-neuroelectronics; cionic; charco-neurotech; encora-therapeutics
nexalin,Nexalin,United States,Neuromodulation,Therapeutics; Experimental,2010,Public,tDCS/tES,,,Psychiatry,,Other approval,"Developing non-invasive transcranial electrical stimulation devices for anxiety, insomnia, depression, and broader brain health indications.","Nexalin sits within non-invasive electrical neuromodulation, with a public-company structure and a product line spanning legacy CES and newer higher-current headset systems. Its current positioning is clinically oriented, although the next-generation platform remains tied to additional regulatory and clinical translation in the US.",https://nexalin.com,https://www.neurofounders.co/startups/nexalin,https://cdn.prod.website-files.com/69401bfa528d1f131f2aa9ca/6a41e33398036fa040f24e04_nexalin_technology_logo.jpeg,flow-neuroscience; neurovalens; fisher-wallace-labs; sooma-medical; neurolief
nexstim,Nexstim,Finland,Neuromodulation,Therapeutics; Clinical Workflows,2000,Public,TMS,,,Psychiatry,,FDA cleared (510k),Developing navigated transcranial magnetic stimulation systems for non-invasive brain mapping and neuromodulation in clinical and research settings.,"Nexstim is a long-standing navigated TMS company, differentiated by image-guided targeting that improves stimulation precision for mapping and therapy. Its public-market presence and procedural maturity place it closer to incumbent neurostimulation infrastructure than startup experimentation.",http://www.nexstim.com,https://www.neurofounders.co/startups/nexstim,https://cdn.prod.website-files.com/69401bfa528d1f131f2aa9ca/69513f2f84af5f6b0e8680ca_nexstim_logo.jpeg,ampa-health; magnus-medical; brainsway; neurosigma; sooma-medical
nextmind-snap-ar,NextMind (Snap AR),France,Consumer Neurotech,AR/VR; Assistive Technology,2017,Acquired,EEG,,,Research,,Non-medical,Developing non-invasive brain–computer interface software that enables hands-free control of digital interfaces using neural signals.,NextMind helped define the non-invasive AR/VR BCI category by enabling hands-free control through neural signals without implants. Its acquisition by Snap validated the strategic importance of neuro-input layers for spatial computing.,https://ar.snap.com/welcome-nextmind,https://www.neurofounders.co/startups/nextmind-snap-ar,https://cdn.prod.website-files.com/69401bfa528d1f131f2aa9ca/69513fc5fc845d003fbb8c19_snap_inc_co_logo.jpeg,synchroni; emotiv; neuroconcise; g-tec; anthriq
nextsense,NextSense,USA,Consumer Neurotech,Closed-loop; Monitoring,2020,Series A,EEG,,,Sleep,,Non-medical,"Ear-EEG smartbuds and data platform for continuous brain monitoring focused on sleep, epilepsy and cognitive health.","NextSense is positioned around ear-EEG “smartbuds,” translating continuous brain monitoring into a familiar consumer hardware format. Its strongest differentiation is wearability and passive use, particularly for sleep-related applications.",https://nextsense.io/,https://www.neurofounders.co/startups/nextsense,https://cdn.prod.website-files.com/69401bfa528d1f131f2aa9ca/694bd4daa6624d2162ba2eb7_nextsense_inc_logo.jpeg,neurable; somnee; atlas; wisear; idun-technologies
nia-therapeutics,Nia Therapeutics,USA,Neuromodulation,Experimental; Closed-loop,2016,Seed,Others,,,Other,,Preclinical,Delivering personalized closed‑loop deep brain stimulation via implantable neuromodulation to counter memory loss in TBI and cognitive disorders.,"Nia Therapeutics is developing closed-loop implantable systems for memory restoration in TBI and related disorders, making it one of the few implant companies centered on cognition rather than communication or motor function. That focus is scientifically compelling but clinically demanding.",https://niatherapeutics.com/,https://www.neurofounders.co/startups/nia-therapeutics,https://cdn.prod.website-files.com/69401bfa528d1f131f2aa9ca/694bd4eb29c0f17c65789f82_nia_therapeutics_logo.jpeg,cranius-therapeutics; clee-medical; neuspera; wise
nimbus,Nimbus,Netherlands,Tools and Infrastructure,Data Infrastructure; Machine Learning,2025,Unknown,Software,,,Research,,Research only,"Developing cloud-native infrastructure and APIs that enable brain-computer interface developers to collect, train, and deploy neural data applications securely and at scale.","Nimbus is best understood as developer infrastructure for the BCI ecosystem, providing APIs and cloud tooling rather than sensors or therapies. This software-layer role is strategically important if the market expands, though it is still highly contingent on broader category growth.",https://nimbusbci.com/,https://www.neurofounders.co/startups/nimbus,https://cdn.prod.website-files.com/69401bfa528d1f131f2aa9ca/694bd50fc8ab85eb094004a4_1758060247632.jpeg,arctop; karavela-ai; purple-gaze; neurobrave
noctrix-health,Noctrix Health,USA,Neuromodulation,Therapeutics; Clinical Workflows,2018,Acquired,Nerve stimulator,,,Sleep,,Other approval,Developing non-invasive neuromodulation therapies to treat chronic neurological and sleep-related conditions using targeted peripheral nerve stimulation.,"Noctrix Health is one of the clearer clinical winners in wearable neuromodulation for sleep-related disorders, using targeted peripheral nerve stimulation in a non-invasive format. Its FDA-cleared status and narrow indication create a focused, defensible market position.",https://www.noctrixhealth.com/,https://www.neurofounders.co/startups/noctrix-health,https://cdn.prod.website-files.com/69401bfa528d1f131f2aa9ca/69514014e89e62abd5b9a8b4_noctrix_health_logo.jpeg,neurovalens; nyxoah; x-trodes; neuroacoustics; naox-technologies
noxisense,Noxisense,Argentina,Diagnostics and Assessment,Diagnostics; Experimental,2024,Non-dilutive,EEG,,,Pain/migraine,,Preclinical,Developing a portable EEG and radiofrequency stimulation platform to quantify nociceptive function and support diabetic neuropathy assessment.,"Noxisense sits in objective neurophysiological pain assessment, combining peripheral small-fiber activation with cortical evoked-response measurement. The platform is early, with strongest evidence around licensed academic IP and prototype-stage clinical translation toward diabetic neuropathy.",https://www.noxisense.com,https://www.neurofounders.co/startups/noxisense,https://cdn.prod.website-files.com/69401bfa528d1f131f2aa9ca/6a41eaefa1934e03bfb75db5_noxisense_logo.jpeg,voxneuro; empatica; deegtal; vistim-labs; braintrip
nubrain,Nubrain,USA,Tools and Infrastructure,Data Infrastructure; Machine Learning,2025,Seed,EEG,,,Research,,Research only,"Building foundation models for brain data that decode thoughts into text, images, and speech from non-invasive neural recordings including EEG and fMRI.","Nubrain sits in the brain foundation model space alongside Karavela AI and Alljoined, differentiating through multi-modal decoding ambitions spanning EEG and fMRI rather than a single imaging modality. Its advisory board breadth from tech and neuroscience is notable for an early-stage company, though the company lacks public detail on proprietary datasets or model architecture that would clarify its competitive position versus more established foundation-model efforts.",https://nubrain.com/,https://www.neurofounders.co/startups/nubrain,https://cdn.prod.website-files.com/69401bfa528d1f131f2aa9ca/69d397f74546238d074a0f07_nubrain_io_logo.jpeg,karavela-ai; alljoined; nimbus; arctop; zander-labs
nudge,Nudge,USA,Consumer Neurotech,Wellness; Experimental,2024,Series A,Ultrasound,,,Wellness,,Non-medical,"Developing Nudge Zero, a wearable focused ultrasound headset for non-invasive brain-computer interfacing targeting everyday consumer use.","Nudge is one of the most high-profile consumer ultrasound BCI entrants, benefiting from Fred Ehrsam's profile and the narrative momentum of focused ultrasound as a next-generation non-invasive modality. Its consumer-first positioning distinguishes it from clinical ultrasound neuromodulation companies, though the regulatory and safety validation requirements for consumer ultrasound brain devices remain substantially unaddressed at this early stage.",https://nudge.com/,https://www.neurofounders.co/startups/nudge,https://cdn.prod.website-files.com/69401bfa528d1f131f2aa9ca/69d3938c1476685827ec479c_nudge_corp_logo.jpeg,gestala; forest-neurotech; sonomind; grey-matter-neurosciences; openwater
nuromova-technology,Nuromova Technology,Hong Kong,Consumer Neurotech,Monitoring; Wellness,2026,Unknown,EEG,,,Wellness,,Non-medical,"Developing AI-powered EEG sports headbands for focus, stress, fatigue, and mental performance tracking during athletic training.","Nuromova Technology sits in consumer neuroperformance, using EEG as a training-layer signal for athletes rather than a clinical assessment workflow. Its current profile appears early and commercially oriented, with public materials focused on pre-orders, CES visibility, and sports-performance positioning.",https://nuromova.com,https://www.neurofounders.co/startups/nuromova-technology,https://cdn.prod.website-files.com/69401bfa528d1f131f2aa9ca/6a41eaa38e81cace886424cd_nuromova_technology_logo.jpeg,atlas; i-braintech; temple; idun-technologies; neurable
nuropod,Nuropod,United Kingdom,Consumer Neurotech,Wellness; Therapeutics,2015,Unknown,VNS,,,Wellness,,Non-medical,"Providing a direct-to-consumer auricular vagus nerve stimulation wearable for autonomic regulation, recovery, sleep, and performance support.","Nuropod is best understood as the North American consumer-facing brand for Parasym’s auricular vagal neuromodulation technology. Its positioning sits between wellness neurotech and bioelectronic medicine, with broad autonomic claims and a stronger commercial posture than most early taVNS startups.",https://nuropod.com,https://www.neurofounders.co/startups/nuropod,https://cdn.prod.website-files.com/69401bfa528d1f131f2aa9ca/6a41e1e48e81cace88623e4c_nuropod_logo.jpeg,xanastim; pulsetto; vagustim; sharper-sense; sona
nuuron,Nuuron,Germany,Neuromodulation,Therapeutics; Aging,2023,Seed,Light/sound,,,Dementia/impairment,,Investigational,"Developing a fully digital Alzheimer’s therapy that uses ultra-high-frequency digital-photonic stimulation via the retina, delivered through VR/AR, to activate memory systems.","Nuuron is developing a fully digital Alzheimer’s therapy using photonic retinal stimulation delivered via VR/AR, making it one of the more unconventional entrants in dementia neuromodulation. Its approach is non-invasive and software-forward, but still very early.",https://www.nuuron.com/,https://www.neurofounders.co/startups/nuuron,https://cdn.prod.website-files.com/69401bfa528d1f131f2aa9ca/69d368792550c9c5153d4a1d_nuuron_logo.jpeg,grey-matter-neurosciences; clarity; cognito-therapeutics; bottneuro; neuroem-therapeutics
nyxoah,Nyxoah,Belgium,Neuromodulation,Therapeutics; Clinical Workflows,2009,Public,Nerve stimulator,,,Sleep,,FDA approved (PMA),Developing an implantable neuromodulation system to treat obstructive sleep apnea by stimulating the hypoglossal nerve.,"Nyxoah is an established public neuromodulation company in sleep apnea, using hypoglossal nerve stimulation to compete with other implantable airway therapies. Its scale and maturity place it well beyond startup stage, even if it sits somewhat outside core neurotechnology themes.",https://www.nyxoah.com/,https://www.neurofounders.co/startups/nyxoah,https://cdn.prod.website-files.com/69401bfa528d1f131f2aa9ca/6951406ef7aa192e33f60da7_nyxoah_sa_logo.jpeg,noctrix-health; neurovalens; neuroacoustics; naox-technologies; neurolight
oculogica,Oculogica,USA,Diagnostics and Assessment,Diagnostics; Clinical Workflows,2014,Non-dilutive,Biomarkers,,,Head injury,,FDA cleared (510k),Developing eye-tracking–based neuroassessment software to objectively detect and monitor concussion and traumatic brain injury.,"Oculogica is differentiated by using eye-tracking as an objective concussion biomarker, offering a fast and non-invasive alternative to symptom-based assessment. Its FDA-cleared status gives it stronger clinical footing than most digital head-injury tools.",https://www.oculogica.com/,https://www.neurofounders.co/startups/oculogica,https://cdn.prod.website-files.com/69401bfa528d1f131f2aa9ca/69514f266bf5875eb0cf5233_oculogica_logo.jpeg,brainscope; sense-neuro-diagnostics; neuro42; eysz; firefly-neuroscience
omniscient,Omniscient,Australia,Neuroimaging,Decision Support; Clinical Workflows,2019,Series C+,Software,,,Other,,FDA cleared (510k),Developing clinical connectomics software that derives brain network maps from MRI data to support neurosurgical planning and decision-making.,"Omniscient occupies the clinical connectomics niche, translating MRI-derived brain network maps into surgical planning support. Its software-only model is attractive for scale, though adoption depends on clinicians trusting connectome outputs in high-stakes decisions.",https://o8t.com,https://www.neurofounders.co/startups/omniscient,https://cdn.prod.website-files.com/69401bfa528d1f131f2aa9ca/698b4514f551c1972f526e19_omni_neuro_logo.jpeg,yneuro; subtle-medical; neurobrave; zander-labs; surf-therapeutics
onward-medical,Onward Medical,Netherlands,Neuromodulation,Assistive Technology; Therapeutics,2014,Public,SCS,,,Paralysis/motor,,FDA cleared (510k),Developing implantable and non-invasive neuromodulation systems to restore movement and autonomic function after spinal cord injury.,"Onward Medical is among the most advanced restorative neuromodulation companies, targeting movement and autonomic recovery after spinal cord injury using both implantable and non-invasive systems. Its public status and regulatory progress place it in the upper tier of neurorehabilitation platforms.",http://www.onwd.com,https://www.neurofounders.co/startups/onward-medical,https://cdn.prod.website-files.com/69401bfa528d1f131f2aa9ca/69514f5e3cc86d0bca65610b_onwdempowered_logo.jpeg,spinex; manava-plus; control-bionics; coapt; synaptrix-labs
open-neurotech,Open Neurotech,USA,Tools and Infrastructure,Data Infrastructure; OEM,2025,Unknown,Others,,,Paralysis/motor,,Research only,"Building open-source neurotechnology tools and standards that make advanced brain-computer interfaces accessible to researchers, developers, and creators worldwide.","Open Neurotech sits in the open-source infrastructure layer, aiming to make advanced neurotechnology tools and standards broadly accessible to researchers and developers. Its strategic value is ecosystem enablement rather than proprietary moat creation.",https://openneuro.tech,https://www.neurofounders.co/startups/open-neurotech,https://cdn.prod.website-files.com/69401bfa528d1f131f2aa9ca/694bd54bd0a4108d852e3e67_open_neurotech_logo.jpeg,cambridge-neurotech; orbit; 3brain; openbci
openbci,OpenBCI,USA,Tools and Infrastructure,Data Infrastructure; OEM,2014,Seed,ExG,,,Research,,Research only,Open-source biosensing hardware (EEG/EMG/EKG) and Galea (EEG+biometrics for XR) for BCI research and developer tools.,"OpenBCI is one of the most recognized open-source neurotech hardware brands, supplying accessible EEG/EMG systems and Galea for XR-oriented biosensing. Its strength is developer mindshare and community adoption rather than clinical-grade positioning.",https://openbci.com/,https://www.neurofounders.co/startups/openbci,https://cdn.prod.website-files.com/69401bfa528d1f131f2aa9ca/694bd56860b72bd5fd7e92f5_openbci_logo.jpeg,emotiv; g-tec; kernel; synchron; anthriq
openwater,Openwater,USA,Neuromodulation,Diagnostics; Therapeutics,2016,Series C+,Ultrasound,,,Multi-indication,,Research only,"Developing wearable, open-source infrared and ultrasound platforms to diagnose and non-invasively treat diseases such as stroke, depression, and tumors.","Openwater is one of the most ambitious companies in non-invasive neurotechnology, aiming to combine diagnostics and treatment through wearable infrared and ultrasound systems. The vision is unusually broad and potentially transformative, though still far ahead of proven clinical execution.",https://www.openwater.health,https://www.neurofounders.co/startups/openwater,https://cdn.prod.website-files.com/69401bfa528d1f131f2aa9ca/694bd5805f1978cc2c2d590a_openwater_health_logo.jpeg,longeviti-neuro-solutions; bioserenity; neurosteer; beacon-biosignals; spark-biomedical
optohive,Optohive,Switzerland,Neuroimaging,Monitoring; Data Infrastructure,2024,Non-dilutive,fNIRS,,,General brain health,,Research only,"Offering wearable fNIRS brain imaging (HiveOne + AI software) for real-time, high-precision neural monitoring in clinical and research settings.","Optohive is positioned in next-generation wearable fNIRS, pairing hardware with AI software for real-time neural monitoring in research and possible clinical contexts. It remains early and research-oriented, but technically aligned with the trend toward lighter portable hemodynamic sensing.",https://optohive.io/,https://www.neurofounders.co/startups/optohive,https://cdn.prod.website-files.com/69401bfa528d1f131f2aa9ca/694bd59b3f103a135ccc3af2_optohive_logo.jpeg,sens-ai; mindaffect; comind; deepspin; neuro42
orbit,Orbit,USA,Tools and Infrastructure,Machine Learning; Experimental,2024,Pre-seed,Software,,,Research,,Research only,Developing a wearable brain–computer interface and machine learning models to decode emotional and cognitive states from neural signals.,"Orbit is building a wearable BCI and associated machine-learning models for decoding cognitive and emotional states, placing it in the emerging developer-oriented non-invasive neural analytics space. At present it appears more like an enabling platform concept than a differentiated product company.",https://orbitneuro.com/,https://www.neurofounders.co/startups/orbit,https://cdn.prod.website-files.com/69401bfa528d1f131f2aa9ca/6951504bbc65dde5f9170a8d_orbit_neuro_logo.jpeg,open-neurotech; cambridge-neurotech; synchroni; nextmind-snap-ar
oymotion-technology,OYMotion Technology,China,Tools and Infrastructure,Assistive Technology; OEM,2015,Series C+,Motor prosthetics,,,Rehabilitation,,Unknown,"Providing EMG, EEG, and bionic prosthetic systems for neural-interface research, rehabilitation, and assistive motor control.","OYMotion Technology sits across neural-interface hardware, bionic prosthetics, and rehabilitation systems, with EMG and EEG sensing linked to assistive motor output. Its positioning is differentiated by a broad hardware portfolio that connects biosignal acquisition, gesture recognition, and prosthetic control.",https://www.oymotion.com/en/indexen,https://www.neurofounders.co/startups/oymotion-technology,https://cdn.prod.website-files.com/69401bfa528d1f131f2aa9ca/6a1d79265fcb7d3c23d12b11_Flag_of_the_People%27s_Republic_of_China_(cropped).svg.png,brainco; psyonic; morph-labs; ctrl-labs; gestala
panaxium,Panaxium,Canada,Neuromodulation,Therapeutics; Closed-loop,2016,Seed,ECoG,,,Stroke,,Investigational,Developing an implantable iontronic neurostimulation platform for personalized stroke recovery through brain-surface sensing and stimulation.,"Panaxium sits between implantable neuromodulation, bioelectronic medicine, and restorative neurorehabilitation. Its positioning is differentiated by soft iontronic brain-surface interfaces that combine sensing and stimulation for personalized stroke and brain-injury recovery.",https://panaxium.com,https://www.neurofounders.co/startups/panaxium,https://cdn.prod.website-files.com/69401bfa528d1f131f2aa9ca/6a1d5a628ea8157e20142474_panaxium_logo.jpeg,epia-neuro; cortec; newronika; synchron; neuroelectrics
panda-surgical,Panda Surgical,UK,Tools and Infrastructure,Clinical Workflows; Experimental,2022,Seed,Others,,,Multi-indication,,Preclinical,Developing a handheld neurosurgical robotics platform with wristed instruments and AI-supported workflow assistance for minimally invasive procedures.,"Panda Surgical sits in early neurosurgical robotics infrastructure, with handheld robotic instruments designed for confined cranial and spinal workflows. Its positioning is differentiated by combining wristed micro-instruments with AI-supported workflow assistance in a surgeon-controlled handheld format.",https://www.panda-surgical.com,https://www.neurofounders.co/startups/panda-surgical,https://cdn.prod.website-files.com/69401bfa528d1f131f2aa9ca/6a1d5dc7d8bb998e0e9918f5_panda_surgical_logo.jpeg,zeta-surgical; artiria-medical; rhovica-neuroimaging; clee-medical; resolve-stroke
paradromics,Paradromics,USA,Brain-Computer Interface,Assistive Technology; Experimental,2016,Series B,Intracortical,,,Communication,,Investigational,"Developing the Connexus, a fully implantable, high–data-rate BCI that records single-neuron brain signals to restore communication in paralyzed patients.","Paradromics is one of the most serious competitors in the high-bandwidth implantable BCI category, emphasizing single-neuron recording and communication restoration. It is often framed as a peer to Neuralink, though with a more tightly defined initial use case and lower public visibility.",https://www.paradromics.com/,https://www.neurofounders.co/startups/paradromics,https://cdn.prod.website-files.com/69401bfa528d1f131f2aa9ca/697cd2709fde0876128285f7_paradromics_inc_logo%20(1).jpeg,axoft; fluent-bci; ability-neurotech; neuroxess; corticale
pathmaker-neurosystems,PathMaker Neurosystems,USA,Neuromodulation,Therapeutics; Experimental,2014,Non-dilutive,tDCS/tES,,,Paralysis/motor,,Investigational,"Developing a non-invasive multi-site direct current stimulation platform for ALS, spasticity, and chronic neuromotor disorders.","PathMaker Neurosystems sits in clinical-stage neuromodulation for neuromotor disorders, with multi-site direct current stimulation aimed at suppressing neuronal hyperexcitability. Its positioning is differentiated by its focus on ALS and spasticity, placing it in a narrower therapeutic segment than most consumer-facing non-invasive stimulation companies.",https://pmneuro.com,https://www.neurofounders.co/startups/pathmaker-neurosystems,https://cdn.prod.website-files.com/69401bfa528d1f131f2aa9ca/6a1d5c43ee06497ae1111d28_pathmakerneuro_logo.jpeg,noctrix-health; sooma-medical; brain-q; flow-neuroscience; neuroelectrics
phantom-neuro,Phantom Neuro,USA,Tools and Infrastructure,Assistive Technology; OEM,2016,Series A,EMG,,,Rehabilitation,,Investigational,Developing minimally invasive muscle implants and AI-driven interfaces enabling intuitive prosthetic and robotic limb control for amputees.,"Phantom Neuro takes a peripheral route to prosthetic and robotic control, using minimally invasive muscle implants and AI decoding rather than cortical interfaces. This gives it a pragmatic path to market, with lower procedural burden than brain implants and potentially stronger signal fidelity than surface EMG.",http://www.phantomneuro.com,https://www.neurofounders.co/startups/phantom-neuro,https://cdn.prod.website-files.com/69401bfa528d1f131f2aa9ca/694bd5da67d29325d98132b3_phantomneuro_logo.jpeg,brainco; cortec; biological-input-output-systems; morph-labs; cogitat
phosphoenix,Phosphoenix,Netherlands,Brain-Computer Interface,Assistive Technology; Experimental,2019,Series A,Intracortical,,,Vision,,Investigational,Developing an implantable visual brain prosthesis that electrically stimulates the brain to restore rudimentary vision in blind individuals.,"Moving the stimulation target from visual cortex to the LGN directly addresses the narrow visual-field coverage that limited earlier prostheses like Second Sight's Orion. Backing from the Netherlands Institute for Neuroscience and EIC grant funding gives the science real institutional weight, though the new probe generation is still pre-clinical.",https://www.phosphoenix.nl,https://www.neurofounders.co/startups/phosphoenix,https://cdn.prod.website-files.com/69401bfa528d1f131f2aa9ca/6a71fec9817286ea6eb1fcc8_phosphoenix_logo.jpeg,revision-implant; science-corp; cortec; ability-neurotech; axoft
pieeg,PiEEG,UK,Tools and Infrastructure,Data Infrastructure; Experimental,2022,Non-dilutive,EEG,,,Research,,Research only,"Providing open-source EEG and biosignal acquisition hardware for Raspberry Pi-based BCI research, education, and prototyping.","PiEEG sits in the low-cost EEG infrastructure layer, with Raspberry Pi-compatible hardware serving researchers, educators, and BCI prototypers. Its positioning is notable because it treats biosignal acquisition as an open hardware and software stack for experimental neurotechnology development.",https://pieeg.com,https://www.neurofounders.co/startups/pieeg,https://cdn.prod.website-files.com/69401bfa528d1f131f2aa9ca/6a1d5ed07a2f9540cab558cc_pieeg_logo.jpeg,openbci; emotiv; kernel; g-tec; cambridge-neurotech
piramidal,Piramidal,USA,Tools and Infrastructure,Machine Learning,2024,Seed,Software,,,General brain health,,Investigational,"Developing an EEG foundation model to support brainwave interpretation, ICU monitoring, and clinical neurological decision support.","Piramidal sits in the AI neurosoftware layer, with EEG foundation models positioned as clinical infrastructure for brain monitoring and interpretation. Its relevance comes from targeting continuous EEG workflows, where scale, speed, and specialist review capacity are central constraints.",https://piramidal.ai,https://www.neurofounders.co/startups/piramidal,https://cdn.prod.website-files.com/69401bfa528d1f131f2aa9ca/6a1d5f39a1ae5704d9d3db53_piramidalai_logo.jpeg,karavela-ai; synaptrix-labs; beacon-biosignals; neuro-event-labs; ceribell
pison-technology,Pison Technology,USA,Tools and Infrastructure,Wellness; Monitoring,2016,Pre-seed,ExG,,,Wellness,,Non-medical,Developing a wearable neural sensing platform that uses peripheral nerve signals to enable cognitive monitoring and human–computer interaction.,"Pison Technology is building a wearable neural-sensing platform around peripheral nerve and muscle signals, targeting both cognitive monitoring and human–computer interaction. Its strongest strategic angle is that it avoids the friction of head-worn EEG while still offering neural-adjacent signals.",https://pison.com/,https://www.neurofounders.co/startups/pison-technology,https://cdn.prod.website-files.com/69401bfa528d1f131f2aa9ca/695150b4c2fbbfc098132927_1742653868027.jpeg,earable-neuroscience; apollo-neuro; ctrl-labs; emotiv; wisear
pixyl,PIXYL,France,Neuroimaging,Diagnostics; Decision Support,2015,Acquired,(f)MRI,,,Multi-indication,,FDA cleared (510k),"Applying FDA-cleared, AI-powered analysis to brain MRI scans, enabling rapid lesion detection and volumetric quantification for neurological care.","PIXYL is positioned as an AI neuroimaging workflow company, focused on lesion detection and volumetric MRI analysis across neurological care. Its FDA-cleared status makes it a credible clinical software player, though it competes in an increasingly mature imaging-AI market.",https://pixyl.ai/,https://www.neurofounders.co/startups/pixyl,https://cdn.prod.website-files.com/69401bfa528d1f131f2aa9ca/694bd5b34d203464cf8a45f5_pixyl_medical_logo.jpeg,qmenta; imeka; neurophet; icometrix; machinemd
platoscience,PlatoScience,Denmark,Neuromodulation,Therapeutics; Clinical Workflows,2015,Unknown,tDCS/tES,,,Psychiatry,,CE-Marked,Providing clinician-managed tDCS headsets and software for supervised home-based neuromodulation in depression and research settings.,"PlatoScience sits in the supervised at-home tDCS segment, with a product stack that combines headset hardware, app control, and clinician dashboards. Its position is relatively mature within non-invasive stimulation because PlatoCare carries EU MDR Class IIa status for depression.",https://www.platoscience.com,https://www.neurofounders.co/startups/platoscience,https://cdn.prod.website-files.com/69401bfa528d1f131f2aa9ca/6a41e40570489fd2526f98c8_platoscience_logo.jpeg,flow-neuroscience; sooma-medical; marbles-health; neuroelectrics; fisher-wallace-labs
positrigo,Positrigo,Switzerland,Neuroimaging,Diagnostics; Aging,2018,Series A,Others,,,Multi-indication,,FDA cleared (510k),Developing an ultra-compact dedicated brain PET scanner (NeuroLF®) for accessible imaging of Alzheimer’s and other neurological conditions.,"Positrigo occupies a distinctive niche with its ultra-compact dedicated brain PET scanner, offering more accessible neuro-PET imaging than full-body systems. This could expand use in dementia and related disorders, though hardware adoption cycles remain long and capital-intensive.",https://www.positrigo.com/,https://www.neurofounders.co/startups/positrigo,https://cdn.prod.website-files.com/69401bfa528d1f131f2aa9ca/697b5c4dc79787e1cc0c9987_positrigo_logo.jpeg,neuraworx; machinemd; subsense-inc; vonova; neurosteer
precision-neuroscience,Precision Neuroscience,USA,Brain-Computer Interface,Assistive Technology; Experimental,2016,Series C+,ECoG,,,Stroke,,Investigational,"Developing the Layer 7 Cortical Interface, a minimally invasive, high-resolution brain–computer implant to restore communication and independence via thought.","Precision Neuroscience is differentiated by its thin, minimally invasive Layer 7 cortical implant designed to achieve high-resolution recording with less tissue disruption than penetrating arrays. It is one of the more credible near-term implantable BCI companies, positioned between invasive bandwidth and surgical practicality.",https://www.precisionneuro.io/,https://www.neurofounders.co/startups/precision-neuroscience,https://cdn.prod.website-files.com/69401bfa528d1f131f2aa9ca/694bd6425e17e97f5eaecc27_precision_neuroscience_corporation_logo.jpeg,reach-neuro; sensome; cogitat; kandu; brain-q
precisis,Precisis,Germany,Neuromodulation,Therapeutics; Clinical Workflows,2013,Series C+,Others,,,Epilepsy,,CE-Marked,Developing a minimally invasive neuromodulation system to treat drug-resistant focal epilepsy through targeted brain stimulation.,"Precisis is developing a minimally invasive epilepsy neuromodulation system, positioning itself as a more targeted alternative to broader neurostimulation approaches. Its CE-marked status gives it a stronger clinical foothold than many epilepsy-device startups.",http://www.precisis.com,https://www.neurofounders.co/startups/precisis,https://cdn.prod.website-files.com/69401bfa528d1f131f2aa9ca/69515101b02493d81f3528c0_precisis_ag_logo.jpeg,neuroone; uneeg-medical; synergia-medical; neuralpulse; neunos
presidio-medical,Presidio Medical,USA,Neuromodulation,Closed-loop; Therapeutics,2017,Series C+,SCS,,,Pain/migraine,,Investigational,Developing a closed-loop spinal cord stimulation system designed to deliver adaptive neuromodulation for chronic pain management.,"Presidio Medical is part of the closed-loop spinal cord stimulation wave, aiming to improve chronic pain management through adaptive therapy. This is an attractive commercial market, though one dominated by large incumbents and requiring strong comparative efficacy data.",http://presidiomedical.com/,https://www.neurofounders.co/startups/presidio-medical,https://cdn.prod.website-files.com/69401bfa528d1f131f2aa9ca/695151667510a7e65f04c091_presidio_medical_inc_logo.jpeg,spinally; salvia-bioelectronics; neuronoff; nalu-medical; capri-medical
prima-mente,Prima Mente,UK,Tools and Infrastructure,Machine Learning; Data Infrastructure,2023,Seed,Software,,,Dementia/impairment,,Investigational,"Developing biological foundation models and clinical research platforms to understand, detect, and prevent neurological disease through AI-driven neuroscience.","Prima Mente is best understood as an AI-and-biology infrastructure company for neuroscience, seeking to build foundation-model-style systems around neurological disease understanding and intervention. Its strategic appeal depends heavily on data ownership and the defensibility of its platform rather than a single near-term product.",https://www.primamente.com/,https://www.neurofounders.co/startups/prima-mente,https://cdn.prod.website-files.com/69401bfa528d1f131f2aa9ca/695151b2dbf2df3f918069f9_primamente_logo.jpeg,linus-health; neurotrack; braintrip; braincheck; cognision
prophetic,Prophetic,USA,Consumer Neurotech,Wellness; Experimental,2023,Pre-seed,Ultrasound,,,Sleep,,Non-medical,Developing a wearable neuromodulation system designed to induce and stabilize lucid dreaming through non-invasive brain stimulation.,"Prophetic occupies the speculative consumer neuromodulation space, aiming to induce lucid dreaming through a wearable stimulation device. It is highly differentiated in branding and use case, though far from clinically grounded neurotechnology.",https://prophetic.com,https://www.neurofounders.co/startups/prophetic,https://cdn.prod.website-files.com/69401bfa528d1f131f2aa9ca/6a199f87c5962642375af711_1776979381498.jpeg,somnee; earable-neuroscience; neurolight; nextsense; idun-technologies
psyonic,PSYONIC,USA,Tools and Infrastructure,Assistive Technology; Machine Learning,2015,Series A,EMG,,,Rehabilitation,,FDA cleared (510k),"Developing the Ability Hand, an advanced multi-articulated bionic prosthetic with integrated fingertip touch sensing and sEMG control.","PSYONIC differentiates in the myoelectric prosthetics space through its sensorized fingertips that provide haptic feedback, addressing a key gap in conventional bionic hands that provide control but no sensation. Medicare coverage at no out-of-pocket cost is a significant commercial advantage, and its robotics supply agreements with Meta and Apptronik reflect strong hardware credibility beyond the medical device market.",https://www.psyonic.io/,https://www.neurofounders.co/startups/psyonic,https://cdn.prod.website-files.com/69401bfa528d1f131f2aa9ca/69d3967896d661c5499a3ccf_psyonicinc_logo.jpeg,coapt; phantom-neuro; brainco; morph-labs
pulsetto,Pulsetto,Lithuania,Consumer Neurotech,Wellness; Monitoring,2021,Seed,VNS,,,Wellness,,Non-medical,"Offering a consumer wearable transcutaneous vagus nerve stimulation device for stress reduction, improved sleep, and anxiety management through neck-based nerve stimulation.","Pulsetto sits in the growing consumer tVNS market targeting stress, sleep, and anxiety through neck-based vagus nerve stimulation. Its neck placement distinguishes it from auricular tVNS devices like Neuvana and Vagustim, though both approaches target the same physiological mechanism and compete for the same consumer audience.",https://uk.pulsetto.tech/pages/home-2,https://www.neurofounders.co/startups/pulsetto,https://cdn.prod.website-files.com/69401bfa528d1f131f2aa9ca/69df868cb225eb82b936c50d_pulsetto_logo.jpg,neuvana; vagustim; apollo-neuro; sharper-sense
purple-gaze,Purple Gaze,Netherlands,Diagnostics and Assessment,Diagnostics; Pediatric,2019,Pre-seed,Biomarkers,,,General brain health,,Research only,Developing eye-tracking–based assessment software to support early screening and monitoring of neurodevelopmental conditions.,"Purple Gaze uses eye-tracking for early screening of neurodevelopmental conditions, placing it in the pediatric digital biomarker segment. It is a low-burden and scalable modality, though currently more research-oriented than clinically established.",http://purplegaze.io,https://www.neurofounders.co/startups/purple-gaze,https://cdn.prod.website-files.com/69401bfa528d1f131f2aa9ca/695152a0591fbab7ba36862e_purple_gaze_logo.jpeg,brainkey; optohive; great-lakes-neurotech; winterlight-labs; emteq-labs
qmenta,QMENTA,USA,Neuroimaging,Data Infrastructure; Clinical Workflows,2013,Seed,(f)MRI,,,Multi-indication,,FDA cleared (510k),"Empowering imaging teams with a cloud-native AI platform that automates MRI data upload, biomarker extraction, and centralized review for clinical trials.","QMENTA is a cloud-native imaging infrastructure company, helping clinical-trial teams centralize MRI upload, biomarker extraction, and review. Its role is best described as workflow and analytics infrastructure for imaging-heavy drug development rather than a standalone neurodiagnostics company.",http://www.qmenta.com/,https://www.neurofounders.co/startups/qmenta,https://cdn.prod.website-files.com/69401bfa528d1f131f2aa9ca/694bd662244db8ff963587a9_qmenta_inc_logo.jpeg,icometrix; machinemd; sevaro; cumulus-neuroscience; pixyl
quantalx-neuroscience,QuantalX Neuroscience,Israel,Neuroimaging,Diagnostics; Decision Support,2014,Series A,TMS,,,Multi-indication,,FDA cleared (510k),"Developing the Delphi-MD, a first-in-class TMS-EEG functional neuroimaging system for early detection and differential diagnosis of brain disorders at the point of care.","QuantalX is unusually well-positioned in functional neurodiagnostics, combining TMS and EEG to generate objective brain-network maps against a normative database — a methodology more akin to functional neuroimaging than standard EEG assessment. Its FDA De Novo authorization establishes a new device category, creating a potential regulatory moat, and Breakthrough Device designations for two indications accelerate its clinical credibility relative to comparably sized companies.",https://quantalx.com/,https://www.neurofounders.co/startups/quantalx-neuroscience,https://cdn.prod.website-files.com/69401bfa528d1f131f2aa9ca/69d39432e1c435bee2fb3acc_quantalx_neuroscience_ltd_logo.jpeg,cognision; brainscope; firefly-neuroscience; cercare-medical; ceribell
quantanosis,Quantanosis,United States,Tools and Infrastructure,Therapeutics; Experimental,2020,Seed,Ultrasound,,,Stroke,,Preclinical,Developing a portable robotic ultrasound platform for rapid stroke detection and non-invasive histotripsy-based clot disruption.,"Quantanosis sits at the intersection of neurovascular intervention, ultrasound therapy, robotics, and AI-guided stroke triage. Its positioning is differentiated by combining diagnostic transcranial Doppler with histotripsy-based clot disruption, while the platform remains before first-in-human clinical validation.",https://www.quantanosis.ai,https://www.neurofounders.co/startups/quantanosis,https://cdn.prod.website-files.com/69401bfa528d1f131f2aa9ca/6a41e8b33b3e86743ce37f7f_neurofounders_icon_512.png,epia-neuro; cortec; forest-neurotech; navifus; carthera
qv-bioelectronics,QV Bioelectronics,UK,Neuromodulation,Therapeutics; Experimental,2018,Seed,Others,,,Tumors,,Preclinical,"Developing GRACE, an implantable electric field therapy (EFT) device for glioblastoma treatment, targeting tumor cells post-resection to slow recurrence and extend survival.","QV Bioelectronics is pursuing a highly differentiated oncology-neurotech strategy with an implantable electric field therapy device for glioblastoma. It sits at the intersection of neurosurgery, oncology, and bioelectronic medicine, with substantial upside if clinical effects translate.",http://www.qvbio.co.uk,https://www.neurofounders.co/startups/qv-bioelectronics,https://cdn.prod.website-files.com/69401bfa528d1f131f2aa9ca/694bd67ac697f944137e5c49_qvbio_logo.jpeg,coherence-neuro; neurosoft-bioelectronics; wise; cordance-medical; inner-cosmos
qviti,QVITI,Poland,Neuromodulation,Therapeutics; AR/VR,2010,Unknown,tDCS/tES,,,Rehabilitation,,Other approval,Developing non-invasive neuromodulation systems that combine transcranial electrical stimulation with immersive VR/XR software to support neurorehabilitation workflows.,"QVITI combines tES with immersive XR environments for neurorehabilitation, positioning itself as a hybrid neuromodulation-plus-software workflow platform. This can make therapy more engaging, though it also puts the company in a crowded rehabilitation-tech landscape.",http://neurodevice.pl/en/,https://www.neurofounders.co/startups/qviti,https://cdn.prod.website-files.com/69401bfa528d1f131f2aa9ca/697b538e66543b44a9da34bd_qviti_logo.jpeg,neuros-medical; kinesix-xr; brainco; cogitat
reach-neuro,Reach Neuro,USA,Neuromodulation,Assistive Technology; Therapeutics,2021,Seed,SCS,,,Stroke,,Investigational,Developing implantable spinal cord stimulation systems (Avantis) that restore voluntary upper-limb movement in chronic stroke survivors.,"Reach Neuro is developing implantable spinal cord stimulation systems specifically for upper-limb recovery after stroke, placing it in the restorative neurorehabilitation category. Its indication focus is distinctive, though proving durable motor benefit will be essential.",http://www.reachneuro.com/,https://www.neurofounders.co/startups/reach-neuro,https://cdn.prod.website-files.com/69401bfa528d1f131f2aa9ca/694bd6e25e17e97f5eaedea7_reach_neuro_logo.jpeg,precision-neuroscience; sensome; brain-q; cionic; cogitat
resolve-stroke,Resolve Stroke,France,Neuroimaging,Monitoring; Decision Support,2022,Seed,Ultrasound,,,Stroke,,Investigational,Developing software-based ultrasound neuroimaging systems to extract advanced brain biomarkers from raw ultrasound data for bedside monitoring.,"Resolve Stroke uses software to derive advanced brain biomarkers from raw ultrasound data, targeting bedside monitoring in acute stroke. This is a technically interesting attempt to extract more value from an underused modality, though still early relative to established stroke imaging workflows.",https://www.resolvestroke.com/,https://www.neurofounders.co/startups/resolve-stroke,https://cdn.prod.website-files.com/69401bfa528d1f131f2aa9ca/6951530b10be1b4af3ab2d4e_resolvestroke_logo.jpeg,emvision; neuro42; brainomix; cercare-medical; cerebriu
retispec,RetiSpec,Canada,Diagnostics and Assessment,Diagnostics; Aging,2016,Series A,Biomarkers,,,Dementia/impairment,,Research only,Developing retinal imaging and AI software to detect neurodegenerative disease by analyzing biomarkers in the eye.,"RetiSpec is positioned around retinal imaging as a window into neurodegeneration, using AI to identify biomarkers associated with Alzheimer’s and related diseases. Its non-invasive and ophthalmology-compatible approach is attractive, though still research-oriented.",http://retispec.ai,https://www.neurofounders.co/startups/retispec,https://cdn.prod.website-files.com/69401bfa528d1f131f2aa9ca/6951533bb80b137790131a2c_1631316297226.jpeg,braintrip; altoida; neurowyzr; winterlight-labs; viewmind
revision-implant,ReVision Implant,Belgium,Brain-Computer Interface,Assistive Technology; Experimental,2020,Series A,Visual prosthesis,,,Vision,,Preclinical,Developing an implantable cortical visual prosthesis that converts camera input into patterned stimulation of the visual cortex to restore functional vision.,"ReVision Implant is developing a cortical visual prosthesis for vision restoration, placing it in a small but high-impact category of assistive neurotechnology. Its implantable approach offers potentially stronger performance than external aids, but with all the complexity of invasive translation.",https://revision-implant.com/,https://www.neurofounders.co/startups/revision-implant,https://cdn.prod.website-files.com/69401bfa528d1f131f2aa9ca/697b561d87c0f584310c2052_revision_implant_nv_logo.jpeg,science-corp; axorus; neuroxess; paradromics; phantom-neuro
rhovica-neuroimaging,Rhovica Neuroimaging,Switzerland,Tools and Infrastructure,Clinical Workflows; Monitoring,2023,Seed,Others,,,Other,,Preclinical,Developing a bedside neurosurgical navigation system for safer EVD catheter placement in patients with elevated intracranial pressure.,"Rhovica Neuroimaging sits in emergency neurosurgical navigation, with SoNav focused on bedside EVD catheter placement for acute intracranial pressure management. Its positioning is notable because it addresses a specific high-pressure workflow where speed, placement accuracy, and access to navigation infrastructure are closely linked.",https://rhovica.com,https://www.neurofounders.co/startups/rhovica-neuroimaging,https://cdn.prod.website-files.com/69401bfa528d1f131f2aa9ca/6a1d5e1478861f4699792bc9_rhovica_neuroimaging_ag_logo.jpeg,panda-surgical; zeta-surgical; artiria-medical; clee-medical; resolve-stroke
rune-labs,Rune Labs,USA,Diagnostics and Assessment,Monitoring; Clinical Workflows,2018,Series B,Biomarkers,,,Parkinson's,,FDA cleared (510k),Providing a cloud-based AI platform (StrivePD) that transforms smartphone and wearable neurology data into actionable insights for precision neurology.,"Rune Labs is one of the more commercially grounded digital neurology platforms, integrating wearable and smartphone data into actionable insights for movement disorder management. Its FDA-cleared status and partnerships make it a serious clinical-infrastructure company in precision neurology.",http://runelabs.io/,https://www.neurofounders.co/startups/rune-labs,https://cdn.prod.website-files.com/69401bfa528d1f131f2aa9ca/696618b7fdb7952125f1c6d9_rune.jpg,empatica; great-lakes-neurotech; neuralight; machine-medicine; kneu-health
ruten-inc,Ruten Inc,USA,Brain-Computer Interface,Assistive Technology; Experimental,2016,Seed,Intracortical,,,Paralysis/motor,,Preclinical,"Develops invasive brain-machine interface systems for reconstructive therapy, aiming to restore neural control in conditions unresponsive to conventional options.","Ruten is developing invasive BMI systems for reconstructive therapy, targeting severe conditions where conventional options are limited. It remains early and relatively opaque, making it difficult to distinguish from other preclinical invasive BCI companies on public information alone.",https://www.ruten-neuro.com/,https://www.neurofounders.co/startups/ruten-inc,https://cdn.prod.website-files.com/69401bfa528d1f131f2aa9ca/694bd72196250d904338f230_ruten_inc_logo.jpeg,neuralink; blackrock-neurotech; manava-plus; neurinnov; synchron
sabi,Sabi,USA,Consumer Neurotech,Experimental; Assistive Technology,2023,Seed,EEG,,,Wellness,,Non-medical,Developing a non-invasive EEG cap that aims to translate internal speech and mental commands into computer input.,"Sabi sits in the consumer BCI segment, with its core bet centered on high-density non-invasive EEG and imagined-speech decoding as an input layer for everyday computing. Its positioning is differentiated by the ambition to move EEG from passive state monitoring toward active command generation, placing it closer to interface infrastructure than conventional consumer neurofeedback.",https://sabi.com,https://www.neurofounders.co/startups/sabi,https://cdn.prod.website-files.com/69401bfa528d1f131f2aa9ca/6a85f73b4b38ea52365adaeb_sabi.png,synaptrix-labs; paradromics; synchron; precision-neuroscience; g-tec
saluda-medical,Saluda Medical,Australia,Neuromodulation,Closed-loop; Therapeutics,2011,Public,SCS,,,Pain/migraine,,FDA approved (PMA),"Developing the Evoke System, the first FDA-approved closed-loop spinal cord stimulation system using evoked compound action potentials (ECAPs) to automatically adapt therapy in real time.","Saluda Medical is one of the most clinically advanced closed-loop SCS companies, with the only FDA-approved ECAP-controlled spinal cord stimulation system and the most rigorous RCT evidence base in SCS history. Its objective neurophysiological therapy control represents a paradigm shift relative to conventional programmer-adjusted or patient-adjusted SCS, and its commercial rollout will pressure established SCS incumbents to develop competing closed-loop capabilities.",https://www.saludamedical.com/international/,https://www.neurofounders.co/startups/saluda-medical,https://cdn.prod.website-files.com/69401bfa528d1f131f2aa9ca/69df751fb547ac9ba2bd9ef8_saluda_medical_logo.jpg,presidio-medical; spinally; mainstay-medical; neuropace; nalu-medical
salvia-bioelectronics,Salvia BioElectronics,Netherlands,Neuromodulation,Therapeutics; Clinical Workflows,2017,Series B,Nerve stimulator,,,Pain/migraine,,Investigational,Developing an implantable neuromodulation system to treat chronic migraine by modulating neural pathways involved in pain processing.,"Salvia BioElectronics is one of the more visible migraine neuromodulation startups, using implantable systems to modulate headache-related pathways. Its positioning is attractive because migraine is a large market with poor options for many patients, though it remains investigational.",https://www.salviabioelectronics.com,https://www.neurofounders.co/startups/salvia-bioelectronics,https://cdn.prod.website-files.com/69401bfa528d1f131f2aa9ca/69515391df16e44e29a7b0cf_salviabioelectronics_logo.jpeg,neuronoff; nalu-medical; capri-medical; neuros-medical; theranica
samphire-neuroscience,Samphire Neuroscience,UK,Neuromodulation,Therapeutics; Experimental,2021,Seed,tDCS/tES,,,Women's health,,CE-Marked,"Pioneering a wearable brain-first neurotechnology, Nettle, that provides non-hormonal brain stimulation to reduce menstrual pain, low mood, and brain fog.","Samphire Neuroscience is differentiated by applying non-hormonal brain stimulation to women’s health symptoms such as menstrual pain, low mood, and brain fog. The indication choice is commercially interesting because it opens a relatively under-addressed segment of consumer-adjacent clinical neurotechnology.",http://www.samphireneuro.com,https://www.neurofounders.co/startups/samphire-neuroscience,https://cdn.prod.website-files.com/69401bfa528d1f131f2aa9ca/694bd771261946d4df8b771b_samphireneuro_logo.jpeg,neuraura; amber-therapeutics; neuroelectrics; mave-health; marbles-health
sana-health,Sana Health,USA,Neuromodulation,Therapeutics; Monitoring,2015,Series A,Light/sound,,,Pain/migraine,,Other approval,"Delivering a wearable audiovisual neuromodulation mask that uses light and sound pulses via HRV feedback to reduce chronic pain, improve sleep, and ease anxiety.","Sana Health sits in the audiovisual neuromodulation segment, combining light and sound with feedback-driven personalization for pain, sleep, and anxiety. It overlaps with wellness-style neuromodulation but appears to be pushing toward stronger clinical use cases.",http://www.sana.io,https://www.neurofounders.co/startups/sana-health,https://cdn.prod.website-files.com/69401bfa528d1f131f2aa9ca/694bd78ba011755a86ac93ca_sana_health_logo.jpeg,cefaly; neuros-medical; theranica; gestala; nalu-medical
sanmai,Sanmai,USA,Neuromodulation,Therapeutics; Machine Learning,2020,Series A,Ultrasound,,,Psychiatry,,Investigational,Developing a non-invasive tFUS neuromodulation platform for mental health treatment using AI-enabled acoustic targeting software.,"Sanmai sits in the focused ultrasound neuromodulation segment, with Lotus positioned around AI-supported acoustic targeting for psychiatric and neurological indications. Its strategic relevance comes from applying tFUS to mental health, where the established non-invasive stimulation landscape is still largely shaped by TMS and electrical stimulation.",https://sanmai.tech,https://www.neurofounders.co/startups/sanmai,https://cdn.prod.website-files.com/69401bfa528d1f131f2aa9ca/6a1d5af436cfaf06c1e3cba8_1750786857504.jpeg,attune-neurosciences; openwater; forest-neurotech; merge-labs; sonomind
science-corp,Science Corp,USA,Brain-Computer Interface,Assistive Technology; Experimental,2021,Series C+,Visual prosthesis,,,Vision,,CE-Marked,Developing optogenetic visual prostheses that use microLED arrays to restore sight by stimulating retinal neurons with patterned light.,"Science Corp is one of the more serious visual prosthesis companies, using optogenetics and microLED arrays to stimulate retinal circuits with high precision. Its technical ambition is substantial, and it sits closer to advanced translational neuroengineering than to conventional medtech.",http://www.science.xyz,https://www.neurofounders.co/startups/science-corp,https://cdn.prod.website-files.com/69401bfa528d1f131f2aa9ca/694bd7acaaec73f4e8ea2283_sciencecorporation_logo%20(2).jpeg,axorus; revision-implant; neuralink; ability-neurotech; cortec
secondwave-systems,SecondWave Systems,USA,Neuromodulation,Therapeutics; Experimental,2019,Series A,Ultrasound,,,Multi-indication,,Investigational,"Developing a wearable, non-invasive low-intensity focused ultrasound platform targeting the splenic nerve and autonomic neural pathways for treatment of chronic inflammatory diseases.","SecondWave Systems occupies a distinctive position in the bioelectronic medicine space by applying wearable, non-invasive focused ultrasound to anti-inflammatory neural pathways — a modality and delivery method that differs from both implantable VNS devices and conventional transcutaneous neuromodulation. Its government funding base and JLABS membership suggest early institutional validation, though clinical proof of durable anti-inflammatory efficacy will be required before it can challenge pharmacological biologics.",https://www.secondwaveus.com/,https://www.neurofounders.co/startups/secondwave-systems,https://cdn.prod.website-files.com/69401bfa528d1f131f2aa9ca/69df69cd8d330c22c3be6df4_1630571105659.jpeg,surf-therapeutics; iota-biosciences; neuspera; grey-matter-neurosciences
sens-ai,Sens.ai,Canada,Consumer Neurotech,Wellness; Monitoring,2018,Seed,EEG,,,General brain health,,Non-medical,"Offering an at-home neurofeedback headset combining EEG, transcranial photobiomodulation, and HRV biofeedback for personalized brain training.","Sens.ai combines EEG neurofeedback, photobiomodulation, and HRV in an at-home headset, positioning itself as a premium brain-training platform. Its broad multimodal stack is commercially appealing but risks feeling more wellness-aggregated than mechanistically focused.",http://www.sens.ai,https://www.neurofounders.co/startups/sens-ai,https://cdn.prod.website-files.com/69401bfa528d1f131f2aa9ca/694bd7c47403e2c15e78c147_sensai_inc_logo.jpeg,neurosity; neuronic; muse; vielight; brainbit
sensars,Sensars,USA,Neuromodulation,Assistive Technology; Therapeutics,2014,Pre-seed,Nerve stimulator,,,Other,,Investigational,"Developing an implantable peripheral nerve stimulation system (SENSY) that provides sensory feedback to amputees, allowing them to feel their prosthetic limbs.","Sensars is developing implantable peripheral nerve stimulation systems that restore sensory feedback in amputees, addressing a critical limitation of conventional prosthetics. This sensory-loop focus gives it a strong rehabilitative rationale, though it remains early-stage.",https://www.sensars.com/,https://www.neurofounders.co/startups/sensars,https://cdn.prod.website-files.com/69401bfa528d1f131f2aa9ca/697b5c9eb67be9c0b00d0de1_sensars_sarl_logo.jpeg,neuspera; cranius-therapeutics; nia-therapeutics; wise
sense-neuro-diagnostics,Sense Neuro Diagnostics,USA,Diagnostics and Assessment,Diagnostics; Decision Support,2017,Series B,Others,,,Stroke,,Investigational,Developing a non-invasive neurodiagnostic system to objectively assess concussion and brain injury using advanced brain signal analysis.,"Sense Neuro Diagnostics targets objective concussion and brain-injury assessment through non-invasive signal analysis, sitting in the same broad problem area as BrainScope and Oculogica. Its key challenge is differentiating sufficiently against more established players with stronger regulatory positions.",http://www.senseneuro.com,https://www.neurofounders.co/startups/sense-neuro-diagnostics,https://cdn.prod.website-files.com/69401bfa528d1f131f2aa9ca/695154044be1cfd61783ab2f_sense_diagnostics_logo.jpeg,emvision; artiria-medical; brainscope; ceribell; cogitat
senseye,Senseye,USA,Diagnostics and Assessment,Diagnostics; Decision Support,2015,Series B,Biomarkers,,,Psychiatry,,Investigational,Developing eye-tracking–based neurodiagnostic software to objectively assess brain function and support early detection of neurological disorders.,"Senseye uses eye-tracking-based neurodiagnostics to assess brain function and detect early neurological dysfunction, making it part of the broader ocular biomarker trend. Its software-only model is scalable, though clinical traction depends on integration into existing assessment pathways.",http://www.senseye.co,https://www.neurofounders.co/startups/senseye,https://cdn.prod.website-files.com/69401bfa528d1f131f2aa9ca/6951542a795e71a332beb812_senseye_inc__logo.jpeg,eysz; thymia; graymatters-health
sensome,Sensome,France,Tools and Infrastructure,Decision Support; Clinical Workflows,2014,Series B,Endovascular,,,Stroke,,Investigational,"Developing Clotild, a smart guidewire using impedance-based microsensors and AI to characterize vascular tissue and aid intraoperative decision-making in stroke treatment.","Sensome occupies a highly specific and differentiated procedural niche with its sensorized guidewire for stroke intervention, adding tissue characterization to endovascular navigation. This intraoperative intelligence layer could be valuable in thrombectomy workflows if it proves reliable and easy to integrate.",https://www.sensome.com/,https://www.neurofounders.co/startups/sensome,https://cdn.prod.website-files.com/69401bfa528d1f131f2aa9ca/694bd7dd5131884378a526fc_1631424300737.jpeg,synchron; clee-medical; sense-neuro-diagnostics; resolve-stroke; reach-neuro
setpoint-medical,SetPoint Medical,USA,Neuromodulation,Therapeutics; Clinical Workflows,2006,Series C+,VNS,,,Other,,FDA approved (PMA),Developing an implantable vagus nerve stimulation system for rheumatoid arthritis through neuroimmune modulation of inflammatory pathways.,"SetPoint Medical sits in one of the more clinically advanced areas of bioelectronic medicine, using implantable VNS to modulate inflammatory pathways in rheumatoid arthritis. Its positioning is notable because it places neuromodulation inside immune-mediated disease, expanding the category beyond conventional neurological applications.",https://setpointmedical.com,https://www.neurofounders.co/startups/setpoint-medical,https://cdn.prod.website-files.com/69401bfa528d1f131f2aa9ca/6a1d5b5ea6abfa80d803a8d6_setpoint_medical_logo.jpeg,neuspera; electrocore; stimvia; synergia-medical; pulsetto
sevaro,Sevaro,USA,Tools and Infrastructure,Decision Support; Clinical Workflows,2019,Series B,Software,,,Multi-indication,,Other approval,"Delivering virtual neurology services and tele-neurology programs to provide rapid, specialized neurological care to hospitals.","Sevaro is best understood as tele-neurology workflow infrastructure, delivering specialist care access rather than novel sensing or therapeutic technology. It is neuro-enabled healthcare services more than a core neurotech platform",https://sevaro.com/,https://www.neurofounders.co/startups/sevaro,https://cdn.prod.website-files.com/69401bfa528d1f131f2aa9ca/695154e65f5c2b63de6b4f98_sevaro_logo.jpeg,icometrix; bios-health; imeka; neurophet; neuroventis
sharper-sense,Sharper Sense,USA,Consumer Neurotech,Experimental; Wellness,2020,Seed,VNS,,,Wellness,,Non-medical,"Developing a wearable, non-invasive neck patch that stimulates sensory-enhancing neural circuits to improve hearing, vision, and touch in real-time.","Sharper Sense is developing a wearable sensory-enhancement patch aimed at boosting hearing, vision, and touch via neural stimulation. The broad enhancement narrative is attention-grabbing, but the company remains early and more consumer-speculative than clinically grounded.",http://www.SharperSense.com,https://www.neurofounders.co/startups/sharper-sense,https://cdn.prod.website-files.com/69401bfa528d1f131f2aa9ca/694bd7f865ed16ae45c9998f_sharpersense_logo.jpeg,vagustim; temple; neuvana; earable-neuroscience; neurosity
shiratronics,ShiraTronics,USA,Neuromodulation,Therapeutics; Experimental,2018,Series B,Nerve stimulator,,,Pain/migraine,,Investigational,Developing a fully implantable peripheral nerve stimulation system for treatment-resistant chronic migraine through continuous targeted head-based neuromodulation.,"ShiraTronics sits in the implantable migraine neuromodulation segment, with a fully implanted peripheral nerve stimulation system for treatment-resistant chronic migraine. Its positioning is differentiated by a focused headache indication and a continuous stimulation model designed for patients with high treatment burden.",https://shiratronics.com,https://www.neurofounders.co/startups/shiratronics,https://cdn.prod.website-files.com/69401bfa528d1f131f2aa9ca/6a1d5be836cfaf06c1e45449_shiratronics_inc_logo.jpeg,salvia-bioelectronics; theranica; electrocore; cefaly; neurolief
sinaptica-therapeutics,Sinaptica Therapeutics,USA,Neuromodulation,Aging; Therapeutics,2021,Series A,TMS,,,Dementia/impairment,,Investigational,"Delivers personalized, closed-loop rTMS-EEG neuromodulation (SinaptiStim) targeting the default mode network to slow Alzheimer's progression with Phase 2 clinical efficacy.","Sinaptica Therapeutics is one of the stronger emerging companies in dementia neuromodulation, using closed-loop rTMS-EEG to target default mode network dysfunction with growing clinical evidence. Its network-guided approach is more sophisticated than fixed-protocol stimulation systems, giving it a credible precision-therapy angle.",http://www.sinapticatx.com,https://www.neurofounders.co/startups/sinaptica-therapeutics,https://cdn.prod.website-files.com/69401bfa528d1f131f2aa9ca/694bd81352f8b0cdb36de739_1666187643912.jpeg,magnus-medical; bottneuro; ampa-health; wave-neuroscience; neuroem-therapeutics
somareality,Somareality,Austria,Diagnostics and Assessment,Monitoring,2020,Seed,Biomarkers,,,Research,,Research only,Developing eye-tracking–based algorithms to extract neural signals and monitor cognitive processes in real time.,"SOMAREALITY uses eye-tracking algorithms to infer cognitive processes in real time, placing it in the machine-learning-based digital biomarker category. It appears closer to research and experimental analytics than a defined clinical product company.",http://somareality.com,https://www.neurofounders.co/startups/somareality,https://cdn.prod.website-files.com/69401bfa528d1f131f2aa9ca/695155604be1cfd61783cdee_somareality_logo.jpeg,zander-labs; nimbus; arctop; netholabs; purple-gaze
somnee,Somnee,USA,Consumer Neurotech,Wellness; Monitoring,2017,Seed,tDCS/tES,,,Sleep,,Non-medical,"Developing a personalized, non-invasive neuromodulation system to improve sleep quality through targeted brain stimulation.","Somnee sits in the sleep-focused consumer neuromodulation category, offering personalized stimulation intended to improve sleep quality. It differentiates through personalization, though it remains non-medical and competes in a crowded sleep-optimization market.",http://somneesleep.com,https://www.neurofounders.co/startups/somnee,https://cdn.prod.website-files.com/69401bfa528d1f131f2aa9ca/695155e28bbb068588e9afa0_somnee_logo.jpeg,earable-neuroscience; naox-technologies; nextsense; neurovalens; prophetic
sona,SONA,UK,Consumer Neurotech,Closed-loop; Wellness,2019,Pre-seed,VNS,,,Wellness,,Non-medical,"Developing an adaptive taVNS wearable that combines vagus nerve stimulation, biometric sensing, and audio-guided sessions for stress and recovery.","SONA sits in the consumer neuromodulation segment, using taVNS as an active wellness intervention for stress, recovery, sleep, and performance. Its positioning is differentiated by combining ear-based stimulation, biometric feedback, and app-guided sessions in a familiar wearable format.",https://sona.help,https://www.neurofounders.co/startups/sona,https://cdn.prod.website-files.com/69401bfa528d1f131f2aa9ca/6a1d498be7ca303f7f577a23_mindspireuk_logo.jpeg,apollo-neuro; brainpatch; brnlit-ai; halo-neuroscience; neuvana
sond,SOND,United States,Consumer Neurotech,Monitoring; Closed-loop,2022,Seed,Others,,,Sleep,,Non-medical,Developing intelligent sleep earbuds that use real-time biometric sensing and adaptive audio to support consumer sleep improvement.,"SOND sits in the consumer sleep neurotechnology segment, with an earbud form factor that combines sleep tracking, biometric feedback, and adaptive audio into an active intervention loop. Its positioning is commercially early and consumer-wellness oriented, with the main strategic distinction coming from closed-loop audio delivery through a familiar in-ear device.",https://sond.com,https://www.neurofounders.co/startups/sond,https://cdn.prod.website-files.com/69401bfa528d1f131f2aa9ca/6a1d2b18d1be1e4e35398dfe_sondsleep_logo.jpeg,bia-neuroscience; nextsense; somnee; muse; idun-technologies
sonomind,SonoMind,France,Neuromodulation,Experimental; Therapeutics,2024,Series A,Ultrasound,,,Psychiatry,,Investigational,Developing non-invasive focused ultrasound neuromodulation to precisely stimulate deep brain regions for the treatment of drug-resistant depression.,"SonoMind is developing non-invasive focused ultrasound neuromodulation for depression, placing it in one of the more technically exciting next-generation stimulation categories. It remains early, but the modality offers a potential depth-and-precision advantage over electrical or magnetic stimulation.",https://www.sonomind.com/,https://www.neurofounders.co/startups/sonomind,https://cdn.prod.website-files.com/69401bfa528d1f131f2aa9ca/6951562f1fac44e8c71b8081_1736270332531.jpeg,sooma-medical; magnus-medical; neurosigma; merge-labs; iconeus
sononeu,SonoNeu,United States,Neuromodulation,Therapeutics; Experimental,2026,Non-dilutive,Ultrasound,,,Pain/migraine,,Preclinical,Developing sonogenetic therapies that use ultrasound to control engineered ultrasound-responsive cells for peripheral neuropathy and related indications.,"SonoNeu sits at the edge of ultrasound neuromodulation and engineered-cell therapeutics, with sonogenetics as its core technical layer. Its current position is preclinical and consortium-led, with ARPA-H backing and translation dependent on both biological delivery and ultrasound-device development.",https://www.sononeu.com,https://www.neurofounders.co/startups/sononeu,https://cdn.prod.website-files.com/69401bfa528d1f131f2aa9ca/6a41e71a8977a0b05d5b8cbe_sono_neu_logo.jpeg,attune-neurosciences; therasonic; navifus; sonomind; carthera
sooma-medical,Sooma Medical,Finland,Neuromodulation,Therapeutics; Clinical Workflows,2013,Seed,tDCS/tES,,,Psychiatry,,CE-Marked,"Providing a portable tDCS-based neuromodulation system for depression and chronic pain, enabling remote clinician management and scalable home treatment.","Sooma Medical is among the more established home-based tDCS companies, offering clinician-managed depression and pain therapy through a portable system. Its CE-marked position and workflow integration give it more substance than purely consumer stimulation brands.",https://www.soomamedical.com/,https://www.neurofounders.co/startups/sooma-medical,https://cdn.prod.website-files.com/69401bfa528d1f131f2aa9ca/694bd84eb591e40abc242ca1_sooma_oy_logo.jpeg,mave-health; marbles-health; flow-neuroscience; fisher-wallace-labs; neuroelectrics
sound-wave-innovation,Sound Wave Innovation,Japan,Neuromodulation,Therapeutics; Aging,2020,Series C+,Ultrasound,,,Dementia/impairment,,Investigational,Developing transcranial low-intensity pulsed ultrasound devices for early Alzheimer’s disease and related microcirculatory disorders in clinical trials.,"Sound Wave Innovation sits in the small group of ultrasound neuromodulation companies applying non-invasive stimulation to neurodegenerative disease. Its positioning is differentiated by a Japan-led pivotal Alzheimer’s trial and a PMDA breakthrough designation, with commercialization tied to clinical readout and approval.",https://sw-innovation.com,https://www.neurofounders.co/startups/sound-wave-innovation,https://cdn.prod.website-files.com/69401bfa528d1f131f2aa9ca/6a41dbfeb60d7d973453eedb_1630641858607.jpeg,grey-matter-neurosciences; sanmai; clarity; cognito-therapeutics; neuroem-therapeutics
spark-biomedical,Spark Biomedical,USA,Neuromodulation,Therapeutics; Clinical Workflows,2018,Series A,Nerve stimulator,,,Multi-indication,,FDA cleared (510k),"Developing FDA-cleared, wearable, non-invasive auricular neurostimulation (Sparrow Ascent) to provide drug-free relief for opioid withdrawal and other conditions.","Spark Biomedical focuses on auricular neurostimulation for opioid withdrawal and related conditions, targeting a clinically urgent and commercially meaningful use case. Its wearable, drug-free positioning is attractive in a category where speed of adoption can matter.",http://www.sparkbiomedical.com,https://www.neurofounders.co/startups/spark-biomedical,https://cdn.prod.website-files.com/69401bfa528d1f131f2aa9ca/694bd86a7aac968f340ae333_spark_biomedical_llc_logo.jpeg,neuraworx; openwater; positrigo; neurosteer; bioserenity
spinally,Spinally,Spain,Neuromodulation,Closed-loop; Therapeutics,2022,Pre-seed,SCS,,,Pain/migraine,,Preclinical,"Developing FuturaLead, the world’s first intrathecal spinal cord stimulation (iSCS) lead, placed directly on the spinal cord surface, enabling superior efficacy and closed-loop neuromodulation via ECAP sensing.","Spinally is differentiated by its intrathecal spinal cord stimulation lead, which sits directly on the cord surface and aims to improve efficacy while enabling ECAP-based closed-loop control. This is a technically bold hardware innovation in a market otherwise dominated by incremental lead improvements.",https://spinallymedical.com/,https://www.neurofounders.co/startups/spinally,https://cdn.prod.website-files.com/69401bfa528d1f131f2aa9ca/694bd886668f5889d6c6794e_spinally_logo.jpeg,spinex; onward-medical; presidio-medical; capri-medical; nalu-medical
spinex,SpineX,USA,Neuromodulation,Therapeutics; Pediatric,2018,Seed,SCS,,,Paralysis/motor,,Investigational,"Delivering non-invasive spinal cord neuromodulation therapies (SCONE™, SCiP™) to treat neurogenic bladder, cerebral palsy, and related neurological impairments.","SpineX is developing non-invasive spinal cord stimulation systems across bladder dysfunction, cerebral palsy, and related impairments, placing it in restorative neurorehabilitation rather than pain-focused SCS. Its pediatric relevance gives it a distinctive clinical positioning.",https://spinex.co/,https://www.neurofounders.co/startups/spinex,https://cdn.prod.website-files.com/69401bfa528d1f131f2aa9ca/694bd89fe3d5bfd307a8a6ea_1630630968131.jpeg,onward-medical; manava-plus; presidio-medical; spinally; capri-medical
spiro-medical,Spiro Medical,USA,Neuromodulation,Therapeutics; Experimental,2023,Series A,Nerve stimulator,,,Other,,Investigational,"Developing an implantable pulmonary neuromodulation system for severe asthma, targeting airway neural reflex pathways through bioelectronic intervention.","Spiro Medical sits at the edge of bioelectronic medicine and respiratory care, applying implantable neuromodulation to severe asthma. Its positioning is strategically notable because it extends neural control approaches into pulmonary disease, where device-based therapy remains a more specialized category.",https://www.spiro-medical.com,https://www.neurofounders.co/startups/spiro-medical,https://cdn.prod.website-files.com/69401bfa528d1f131f2aa9ca/6a1d5920ab324a0d2ebdf97c_spiro_medical_logo.jpeg,setpoint-medical; salvia-bioelectronics; neuropace; nyxoah; cadence-neuroscience
spr-pain-relief,SPR Pain Relief,USA,Neuromodulation,Therapeutics; Clinical Workflows,2014,Acquired,Nerve stimulator,,,Pain/migraine,,FDA cleared (510k),"Developing the Sprint PNS System, an FDA-cleared temporary implantable peripheral nerve stimulation device for drug-free treatment of chronic and post-surgical pain.","SPR Pain Relief occupies a clinically distinctive niche with its temporary implantable PNS approach, offering a reversible, 60-day stimulation trial that can provide durable pain relief beyond the treatment period. This carryover effect is a significant differentiator that positions Sprint between TENS/wearable neuromodulation and permanent implants, serving patients who want efficacy without lifetime device commitment.",https://www.sprpainrelief.com/,https://www.neurofounders.co/startups/spr-pain-relief,https://cdn.prod.website-files.com/69401bfa528d1f131f2aa9ca/69df7137a67a97b0bae41e05_1738197342586.jpg,neuronoff; nalu-medical; presidio-medical; neuros-medical
stairmed,StairMed,China,Brain-Computer Interface,Assistive Technology; Experimental,2021,Series C+,Intracortical,,,Paralysis/motor,,Investigational,Developing an invasive BCI platform using ultra-flexible electrodes and robotic implantation for motor restoration and neurological disease applications.,"StairMed sits in China’s invasive BCI segment, with ultra-flexible electrodes, wireless implants, and robotic implantation forming the core platform logic. Its positioning is differentiated by a vertically integrated approach that links neural interfaces, implantation tools, and clinical translation workflows.",https://www.stairmed.com/en/,https://www.neurofounders.co/startups/stairmed,https://cdn.prod.website-files.com/69401bfa528d1f131f2aa9ca/6a1d7974fe3a3376ddad5406_1750034534279.jpeg,neuracle; neucyber-neurotech; zhiran-medical; neuralink; precision-neuroscience
starfish-neuroscience,Starfish Neuroscience,USA,Tools and Infrastructure,Experimental; Therapeutics,2022,Unknown,Others,,,Multi-indication,,Preclinical,"Building miniaturized, wireless, battery-free BCI chips enabling simultaneous stimulation and recording across multiple brain regions for future therapies.","Starfish Neuroscience occupies the implant-chip infrastructure layer, focusing on wireless, battery-free BCI chips for simultaneous sensing and stimulation. It is better viewed as deep component technology than as a finished therapeutic or assistive product company.",https://starfishneuroscience.com,https://www.neurofounders.co/startups/starfish-neuroscience,https://cdn.prod.website-files.com/69401bfa528d1f131f2aa9ca/694bd8b8537e64be386a6649_starfish_neuroscience_logo.jpeg,subsense-inc; cahira-technologies; neurobionics; mintneuro; longeviti-neuro-solutions
stimvia,Stimvia,Czechia,Neuromodulation,Therapeutics; Clinical Workflows,2014,Series A,VNS,,,Other,,CE-Marked,Developing a non-invasive neuromodulation system using peripheral nerve stimulation to modulate supraspinal circuits for overactive bladder and related chronic indications.,"Stimvia uses non-invasive peripheral nerve stimulation for bladder-related indications, making it part of the broader autonomic neuromodulation segment. Its CE-marked status helps, though the category remains less prominent than pain or psychiatric neuromodulation.",https://www.stimvia.com/en/,https://www.neurofounders.co/startups/stimvia,https://cdn.prod.website-files.com/69401bfa528d1f131f2aa9ca/697b55ac0cc24df700aceccf_1654506739029.jpeg,nexstim; synchneuro; x-trodes; neuronoff; neuraura
subsense-inc,Subsense Inc,USA,Brain-Computer Interface,Experimental; Therapeutics,2024,Series A,Others,,,Multi-indication,,Preclinical,"Developing the first non-surgical, nanoparticle-based bidirectional BCI, enabling precise brain stimulation and recording without surgery.","Subsense is one of the more speculative BCI entrants, proposing a nanoparticle-based, non-surgical bidirectional interface that would bypass conventional implant limitations. If feasible it would be category-defining, but at present it sits firmly in high-risk frontier science.",https://www.subsense-bci.com,https://www.neurofounders.co/startups/subsense-inc,https://cdn.prod.website-files.com/69401bfa528d1f131f2aa9ca/694bd8d260b72bd5fd7f1818_subsense_inc_logo.jpeg,cahira-technologies; starfish-neuroscience; synchron; paradromics; neuralink
subtle-medical,Subtle Medical,USA,Neuroimaging,Machine Learning; Decision Support,2017,Series C+,(f)MRI,,,Multi-indication,,FDA cleared (510k),"Providing AI-powered enhancements for MRI and PET scanning, boosting image clarity, reducing scan time, and enabling dose minimization across all scanners.","Subtle Medical is a mature AI imaging enhancement company, improving MRI and PET quality while reducing scan time or dose across existing hardware fleets. Its broad modality coverage makes it more of an imaging-AI infrastructure business than a neuro-only company, though neurology remains a major use case.",http://www.subtlemedical.com,https://www.neurofounders.co/startups/subtle-medical,https://cdn.prod.website-files.com/69401bfa528d1f131f2aa9ca/694bd8e85f1978cc2c2de215_subtlemedical_logo.jpeg,omniscient; brainsightai; neurobrave; clee-medical; neurobell
surf-therapeutics,Surf Therapeutics,USA,Neuromodulation,Experimental; Therapeutics,2023,Seed,Ultrasound,,,Other,,Investigational,Developing a non-invasive ultrasound neuromodulation platform designed to engage the body’s anti-inflammatory neural pathways for treatment of chronic inflammatory disorders.,"Surf Therapeutics is developing ultrasound-based neuromodulation aimed at anti-inflammatory neural pathways, making it more adjacent to bioelectronic medicine than central neurotechnology. Its ultrasound approach is distinctive, though still early.",https://www.surftherapeutics.com/,https://www.neurofounders.co/startups/surf-therapeutics,https://cdn.prod.website-files.com/69401bfa528d1f131f2aa9ca/6978e3a23aa6478ed1e10926_surf.jpeg,cordance-medical; sonomind; openwater; gestala; iconeus
sychedelic,Sychedelic,India,Consumer Neurotech,Wellness; Closed-loop,2023,Pre-seed,EEG,,,Wellness,,Non-medical,"Developing EEG-enabled headphones delivering personalised, non-invasive neuromodulation and audio-based stimulation for mental health and cognitive enhancement.","Sychedelic sits at the intersection of consumer EEG, neurofeedback, and audio-based neuromodulation, differentiating through its integrated headphone form factor and closed-loop adaptation of auditory stimulation. Its positioning combines elements of wellness-focused brain-computer interfaces with emerging closed-loop neuromodulation approaches, though its clinical efficacy and regulatory pathway remain to be established.",https://sychedelic.com/,https://www.neurofounders.co/startups/sychedelic,https://cdn.prod.website-files.com/69401bfa528d1f131f2aa9ca/69df6a757e6cd59b574bda22_sychedelic_logo.jpeg,emotiv; muse; sens-ai; neurovalens; neurable
synaptive-medical,Synaptive Medical,Canada,Neuroimaging,Diagnostics; Clinical Workflows,2012,Series C+,(f)MRI,,,Tumors,,CE-Marked,"Developing integrated neuroimaging, surgical planning, and robotic visualization platforms to improve precision and workflow in neurosurgery.","Synaptive Medical operates at the intersection of neuroimaging and surgical robotics, offering an integrated platform that combines imaging, planning, and intraoperative visualization. Its value proposition lies in workflow integration rather than a single breakthrough modality, competing with established surgical navigation and imaging incumbents. While technologically advanced, its commercial success depends on capital equipment sales cycles and hospital adoption dynamics.",https://www.synaptivemedical.com/,https://www.neurofounders.co/startups/synaptive-medical,https://cdn.prod.website-files.com/69401bfa528d1f131f2aa9ca/69df6356e1162d0c6c3e5bd1_synaptive_medical_logo.jpeg,brainkey; cerebriu; imeka; neurophet; pixyl
synaptrix-labs,Synaptrix Labs,USA,Brain-Computer Interface,Machine Learning; Assistive Technology,2023,Seed,EEG,,,Paralysis/motor,,Preclinical,"Developing a non-invasive, AI-powered brain-computer interface (BCI) headset and proprietary neural-decoding platform to enable individuals with paralysis to control wheelchairs.","Synaptrix Labs is building a non-invasive EEG BCI for wheelchair control in paralysis, positioning itself in the assistive mobility interface segment. Its differentiation depends on decoding accuracy and ease of use in real-world settings rather than a novel modality.",https://www.synaptrix-labs.com/,https://www.neurofounders.co/startups/synaptrix-labs,https://cdn.prod.website-files.com/69401bfa528d1f131f2aa9ca/694bd9040b449972a2a72767_synaptrix_labs_logo%20(1).jpeg,morph-labs; synchron; cognixion; neuralink; coapt
synchneuro,SynchNeuro,USA,Diagnostics and Assessment,Machine Learning; Monitoring,2021,Seed,EEG,,,Other,,Preclinical,"Providing a behind-the-ear EEG wearable that non-invasively predicts blood glucose, sleep quality, and metabolic health via brain-signal analysis.","SynchNeuro is taking an unconventional approach by using behind-the-ear EEG to infer metabolic and physiological states such as blood glucose and sleep quality. This is an ambitious cross-domain biomarker thesis, though one that will require unusually strong validation to gain trust.",http://www.synchneuro.com,https://www.neurofounders.co/startups/synchneuro,https://cdn.prod.website-files.com/69401bfa528d1f131f2aa9ca/694bd9303b95db70f44c4ed1_synchneuro_inc_logo.jpeg,naox-technologies; idun-technologies; mjn-neuroserveis; neurox; nextsense
synchron,Synchron,USA,Brain-Computer Interface,Rehabilitation; Assistive Technology,2016,Series C+,Endovascular,,,Paralysis/motor,,Investigational,"Developing the Stentrode, an endovascular, minimally invasive BCI implant enabling paralyzed individuals to control digital devices using thought alone.","Synchron is the leading endovascular BCI company, differentiated by the Stentrode’s ability to reach the brain without open-skull surgery. This minimally invasive route gives it one of the clearest practical advantages in the assistive BCI field, even if bandwidth is lower than intracortical systems.",https://www.synchron.com/,https://www.neurofounders.co/startups/synchron,https://cdn.prod.website-files.com/69401bfa528d1f131f2aa9ca/694bd968ac603f8ec2225a31_synchron_inc_logo.jpeg,precision-neuroscience; paradromics; neuralink; inbrain-neuroelectronics; blackrock-neurotech
synchroni,Synchroni,USA,Tools and Infrastructure,Data Infrastructure; Machine Learning,2024,Pre-seed,EEG,,,Research,,Research only,"Building infrastructure for neurotech apps, enabling non-invasive neural data capture, training, and deployment.","Synchroni sits in the infrastructure layer for non-invasive neurotech, providing tooling for app developers working with neural data capture and deployment. It is strategically sensible but highly dependent on growth in the broader ecosystem it serves.",https://synchroni.co/,https://www.neurofounders.co/startups/synchroni,https://cdn.prod.website-files.com/69401bfa528d1f131f2aa9ca/694bd98096ef70f430d0c227_synchroni_logo.jpeg,g-tec; emotiv; kernel; nextmind-snap-ar; anthriq
synergia-medical,Synergia Medical,Belgium,Neuromodulation,Therapeutics; Clinical Workflows,2015,Series B,VNS,,,Epilepsy,,Investigational,"Developing optoelectronic, MRI‑compatible vagus nerve stimulator (NAO.VNS) to safely treat drug‑resistant epilepsy via long‑life, fast‑charge implant.","Synergia Medical is differentiated by its optoelectronic, MRI-compatible VNS system with long-life and fast-charge implant architecture, addressing a clinically familiar but still innovation-friendly market in epilepsy. It sits within the implantable neuromodulation tier rather than next-generation non-invasive entrants.",https://www.synergia-medical.com/,https://www.neurofounders.co/startups/synergia-medical,https://cdn.prod.website-files.com/69401bfa528d1f131f2aa9ca/694bd9bcad96604f45078252_1631312011397.jpeg,neurosigma; neurolief; neunos; neuralpulse; inbrain-neuroelectronics
syntropic,Syntropic,Austria,Neuromodulation,Experimental; Therapeutics,2023,Seed,Light/sound,,,Psychiatry,,Investigational,"Using 60 Hz non-invasive light stimulation via the eyes to trigger microglia-mediated neuroplasticity, offering a fast, drug-free option for depression and brain recovery.","Syntropic is pursuing light-based brain stimulation for depression and recovery, with a mechanistic narrative centered on neuroplasticity and microglial response. This is unusual and scientifically interesting, but still firmly preclinical.",http://www.syntropicmedical.com/,https://www.neurofounders.co/startups/syntropic,https://cdn.prod.website-files.com/69401bfa528d1f131f2aa9ca/694bd9d421cb9d7d541db708_syntropicmedical_logo.jpeg,neurode; mindmuscle; brnlit-ai; clarity; cognito-therapeutics; mave-health
temple,Temple,India,Consumer Neurotech,Monitoring; Wellness,2025,Seed,Others,,,Wellness,,Non-medical,"Developing a wearable device for continuous cerebral blood flow monitoring, positioned around brain hemodynamics, performance, and broader brain health applications.","Temple is positioned as a consumer brain-hemodynamics wearable, using cerebral blood-flow monitoring for performance and general brain health. Its wellness framing and unusual physiological angle distinguish it from EEG-heavy consumer neurotech.",https://temple.com/,https://www.neurofounders.co/startups/temple,https://cdn.prod.website-files.com/69401bfa528d1f131f2aa9ca/69ae9f79e1c2949cf622a981_weartemple_logo.jpeg,apollo-neuro; sharper-sense; atlas; sens-ai; nextsense
the-biological-computing-co,The Biological Computing Co,USA,Tools and Infrastructure,Data Infrastructure; Experimental,2022,Seed,MEA,,,Research,,Research only,Building an organic computing platform that integrates living human neurons with modern AI architectures to improve model efficiency and discover novel computational algorithms.,"The Biological Computing Company is one of the most commercially ambitious wetware companies, targeting the AI infrastructure market rather than clinical applications, with $25M seed funding suggesting strong investor conviction in biological computing as a complement to silicon. Its Algorithm Discovery platform is a differentiating concept, though its 10-to-20-year roadmap candidly reflects how early the underlying biology-AI integration remains.",https://www.tbc.co,https://www.neurofounders.co/startups/the-biological-computing-co,https://cdn.prod.website-files.com/69401bfa528d1f131f2aa9ca/69d396ffaba469d7fb34587c_biological_black_box_bbb_inc_logo.jpeg,cortical-labs; finalspark; koniku; maxwell-biosystems; 3brain
theranica,Theranica,USA,Neuromodulation,Therapeutics; Clinical Workflows,2016,Series C+,Nerve stimulator,,,Pain/migraine,,CE-Marked,"Offering Nerivio, a wearable, smartphone-controlled neuromodulation arm band that delivers drug-free, FDA-cleared relief and prevention for migraines.","Theranica has built one of the stronger consumer-friendly clinical neuromodulation products with Nerivio, a smartphone-controlled armband for migraine. Its commercial readiness and regulatory status make it a standout in wearable pain neurotechnology.",http://www.nerivio.com/,https://www.neurofounders.co/startups/theranica,https://cdn.prod.website-files.com/69401bfa528d1f131f2aa9ca/694bd9e9813e5a356901bdde_theranica_bio_electronics_logo.jpeg,neuros-medical; cefaly; nalu-medical; salvia-bioelectronics; neuronoff
therasonic,TheraSonic,France,Tools and Infrastructure,Therapeutics; Experimental,2023,Pre-seed,Ultrasound,,,Other,,Preclinical,Developing transcranial focused ultrasound systems to transiently open the blood-brain barrier for targeted CNS drug delivery.,"TheraSonic is best understood as an enabling platform for CNS therapeutics, using focused ultrasound, robotics, and neuronavigation to address brain drug delivery. Its position sits before clinical validation, with brain metastases as the clearest initial use case and broader neurological applications remaining translational.",https://www.therasonic.fr,https://www.neurofounders.co/startups/therasonic,https://cdn.prod.website-files.com/69401bfa528d1f131f2aa9ca/6a41e4e5c220fa4f1cfaa35a_therasonic_logo.jpeg,navifus; carthera; sononeu; sound-wave-innovation; attune-neurosciences
theta-neurotech,Theta Neurotech,USA,Neuroimaging,Diagnostics; Monitoring,2022,Pre-seed,EEG,,,Epilepsy,,Preclinical,"Developing a wearable EEG patch that predicts epileptic seizures 30–60 minutes before onset, aiming to enable preventative intervention and safer independent living.","Theta Neurotech is developing a seizure-prediction EEG patch for consumers, aiming to forecast events 30-60 minutes before onset rather than simply detect them. That predictive consumer angle is highly differentiated, though it carries significant validation and trust requirements.",https://www.thetaneurotech.com/,https://www.neurofounders.co/startups/theta-neurotech,https://cdn.prod.website-files.com/69401bfa528d1f131f2aa9ca/69ce8c723061a584525b44af_deconus_logo.jpeg,epitel; neurobell; elda-braintech; braincapture; mjn-neuroserveis
thymia,Thymia,UK,Diagnostics and Assessment,Diagnostics,2020,Seed,Biomarkers,,,Psychiatry,,Investigational,"Developing digital biomarkers from speech, video, and gameplay to assess and monitor depression and related mental health conditions.","Thymia develops digital biomarkers from speech, video, and gameplay for depression assessment, positioning itself in the multimodal mental-health diagnostics space. Its differentiation is the breadth of behavioral inputs rather than reliance on a single biomarker stream.",https://thymia.ai/,https://www.neurofounders.co/startups/thymia,https://cdn.prod.website-files.com/69401bfa528d1f131f2aa9ca/69d388ade3c3a8fbcc2e22cb_thymia_logo.jpeg,graymatters-health; alto-neuroscience; eysz
time-is-brain,Time Is Brain,Spain,Diagnostics and Assessment,Clinical Workflows; Monitoring,2020,Non-dilutive,EEG,,,Stroke,,Investigational,Developing a portable brain-monitoring device (BraiN20) for rapid stroke diagnosis and real-time monitoring of brain activity in emergency care.,"Time Is Brain is developing a portable stroke-monitoring device for emergency settings, targeting rapid diagnosis and continuous monitoring where treatment windows are narrow. Its clinical value proposition is strong, though success depends on proving actionable performance in fast-paced acute care workflows.",https://www.tibtimeisbrain.com/,https://www.neurofounders.co/startups/time-is-brain,https://cdn.prod.website-files.com/69401bfa528d1f131f2aa9ca/697b5e292bbf5ffc9be833d1_timeisbrain_logo.jpeg,resolve-stroke; ceribell; cogitat; kandu; sense-neuro-diagnostics
tiposi,Tiposi,USA,Neuroimaging,Diagnostics; Machine Learning,2020,Bootstrapped,Others,,,Stroke,,Investigational,Developing a portable microwave brain imaging system for rapid stroke assessment and non-invasive brain health detection.,"Tiposi sits in the portable neuroimaging segment, using microwave imaging as a lower-infrastructure route to acute brain assessment. Its positioning is strategically notable because it targets the gap between symptom onset and access to conventional imaging in stroke workflows.",https://tiposi.com,https://www.neurofounders.co/startups/tiposi,https://cdn.prod.website-files.com/69401bfa528d1f131f2aa9ca/6a1d5668db79436838b070a1_tiposi_logo.jpeg,emvision; brainomix; myndspan; deepspin; neuro42
u-the-mind-company,U: The mind company,USA,Consumer Neurotech,Wellness; Therapeutics,2018,Pre-seed,tDCS/tES,,,Wellness,,Non-medical,"Developing a consumer-oriented, non-invasive brain stimulation device using amplitude-modulated transcranial pulsed random noise stimulation for cognitive enhancement.","U: The Mind Company is best understood as a consumer tPRNS wellness device positioned below regulated therapeutic devices like Flow Neuroscience's FDA-approved tDCS. Its institutional research claims are difficult to independently verify, and the $350 price point and pre-seed stage suggest a direct-to-consumer lifestyle product with long-term clinical ambitions but no near-term regulatory pathway.",https://uthemind.company/,https://www.neurofounders.co/startups/u-the-mind-company,https://cdn.prod.website-files.com/69401bfa528d1f131f2aa9ca/69d38ea3c0a7b60f6acf3b8e_uneuroscience_logo.jpeg,mave-health; flow-neuroscience; fisher-wallace-labs; sooma-medical; neurode
uneeg-medical,UNEEG Medical,Denmark,Neuroimaging,Monitoring; Clinical Workflows,2005,Non-dilutive,EEG,,,Epilepsy,,FDA cleared (510k),"Developing implantable, long-term EEG monitoring systems to enable continuous brain activity recording for epilepsy management.","UNEEG Medical occupies a highly practical niche in implantable long-term EEG monitoring for epilepsy, enabling more continuous and realistic seizure tracking than hospital-based systems. Its CE-marked status gives it a more advanced translational position than most chronic monitoring startups.",http://uneeg.com,https://www.neurofounders.co/startups/uneeg-medical,https://cdn.prod.website-files.com/69401bfa528d1f131f2aa9ca/695156bd0f6518779107cda8_uneeg_medical_a_s_logo.jpeg,epiminder; braincapture; epitel; neurobell; elda-braintech
universal-brain,Universal Brain,USA,Diagnostics and Assessment,Diagnostics; Decision Support,2022,Seed,EEG,,,Psychiatry,,FDA cleared (510k),Developing a rapid EEG-based brain-function measurement platform combining a dry-electrode wearable with ERP software for psychiatric assessment,"Universal Brain is positioned within the narrow but increasingly active category of objective psychiatric biomarkers, pairing a low-cost dry-electrode EEG cap with ERP software to target treatment selection rather than diagnosis in isolation. Its commercialization path through TMS and esketamine clinics ties adoption to existing CPT reimbursement codes rather than requiring new payer infrastructure.`",https://universal-brain.com/,https://www.neurofounders.co/startups/universal-brain,https://cdn.prod.website-files.com/69401bfa528d1f131f2aa9ca/6a609c173c840a340151268f_universal_brain_logo.jpeg,wave-neuroscience; alto-neuroscience; braincheck; cumulus-neuroscience; myndlift
vagustim,Vagustim,Turkey,Consumer Neurotech,Experimental; Wellness,2019,Seed,VNS,,,Wellness,,Non-medical,"Offering a wearable non-invasive device and app to auricularly stimulate the vagus nerve, aiming to reduce stress, improve sleep, digestion, and calm.","Vagustim operates in the consumer tVNS segment, offering auricular stimulation for stress, sleep, and calm through a wearable-plus-app model. It is primarily a wellness product, differentiated more by accessibility than clinical rigor.",https://vagustim.io/,https://www.neurofounders.co/startups/vagustim,https://cdn.prod.website-files.com/69401bfa528d1f131f2aa9ca/694bda0b43de44b85cd2829a_1631414270666.jpeg,neuvana; sharper-sense; atlas; elda-braintech; nextsense
vielight,Vielight,Canada,Consumer Neurotech,Wellness; Experimental,2011,Unknown,Light/sound,,,Wellness,,Investigational,"Developing at-home photobiomodulation headsets and applicators that use near-infrared light to support cognitive enhancement, mood, sleep, and overall brain wellness.","Vielight is one of the more visible photobiomodulation brands in consumer neurotech, selling light-based devices for cognition, mood, and sleep. Its broad claims and home-use format make it commercially accessible, though its scientific positioning remains mixed.",https://www.vielight.com,https://www.neurofounders.co/startups/vielight,https://cdn.prod.website-files.com/69401bfa528d1f131f2aa9ca/694bda24bef807d734580726_vielight_logo.jpeg,neuronic; sens-ai; halo-neuroscience; muse; mendi
viewmind,ViewMind,USA,Diagnostics and Assessment,Diagnostics; AR/VR,2016,Series A,Biomarkers,,,Dementia/impairment,,Investigational,"Enabling non-invasive, VR headset-based assessment of neurocognitive health using eye movement biomarkers with high sensitivity and specificity.","ViewMind uses VR-based eye-tracking to assess neurocognitive function, creating a more immersive and standardized testing environment than conventional screen-based tools. It sits in the promising but still emerging VR diagnostics category for dementia and cognitive decline.",http://www.viewmind.com/,https://www.neurofounders.co/startups/viewmind,https://cdn.prod.website-files.com/69401bfa528d1f131f2aa9ca/694bda40569d5b4b8ce03ed5_viewmind_logo.jpeg,braintrip; neuralight; retispec; winterlight-labs; altoida
vistim-labs,Vistim Labs,USA,Diagnostics and Assessment,Monitoring; Aging,2021,Seed,EEG,,,Dementia/impairment,,Other approval,"Providing AI-powered EEG brain mapping software that enables point-of-care monitoring of dementia, correlating with amyloid, tau, atrophy, and cognitive endpoints.","Vistim Labs is developing EEG-based dementia monitoring software that correlates neural signatures with pathology and cognitive endpoints, giving it a more disease-linked framing than generic brain-mapping tools. It remains early but sits in a clinically important biomarker segment.",http://vistimlabs.com/,https://www.neurofounders.co/startups/vistim-labs,https://cdn.prod.website-files.com/69401bfa528d1f131f2aa9ca/694bda5a118507ddea8f2788_vistimlabs_logo.jpeg,braintrip; cognision; brainco; mjn-neuroserveis; braincheck
vonova,Vonova,USA,Tools and Infrastructure,Diagnostics; Clinical Workflows,2019,Seed,Endovascular,,,Multi-indication,,Preclinical,"Developing Cerebro, a minimally invasive endovascular brain access platform that enables treatment of neurological disorders without drilling through the skull.","Vonova is best understood as neurovascular access infrastructure, developing an endovascular platform that could simplify delivery of therapies to the brain without open craniotomy. Its value lies in enabling other interventions rather than being the intervention itself.",http://www.vonova.io,https://www.neurofounders.co/startups/vonova,https://cdn.prod.website-files.com/69401bfa528d1f131f2aa9ca/694bda79aaec73f4e8ea9555_vonovaneuro_logo.jpeg,sensome; synchron; resolve-stroke; neurobionics; cranius-therapeutics
voxneuro,VoxNeuro,Canada,Diagnostics and Assessment,Diagnostics; Monitoring,2017,Seed,EEG,,,Multi-indication,,Other approval,Providing EEG-based cognitive health assessments using event-related potentials to support objective evaluation of brain function across clinical settings.,"VoxNeuro sits in the objective cognitive assessment segment, using ERP-derived EEG biomarkers as an adjunct to behavioral neuropsychological testing. Its position is clinically oriented, with regulatory status in Canada and the US and a software-led model built around standard EEG acquisition.",https://voxneuro.com,https://www.neurofounders.co/startups/voxneuro,https://cdn.prod.website-files.com/69401bfa528d1f131f2aa9ca/6a41e44e730595ff02bb55cc_voxneuro_inc_logo.jpeg,cognision; cercare-medical; vistim-labs; braincheck; brainsightai
wave-neuroscience,Wave Neuroscience,USA,Neuromodulation,Clinical Workflows; Therapeutics,2019,Series B,EEG,,,Psychiatry,,FDA cleared (510k),Using EEG-driven brain mapping and personalized neuromodulation protocols to optimize neural activity for cognitive and mental-health outcomes.,"Wave Neuroscience combines EEG-derived brain mapping with personalized neuromodulation, positioning itself as a precision mental-health platform. Its strength is the closed-loop personalization narrative, though the category has many similar “map then stimulate” propositions.",https://www.waveneuro.com/,https://www.neurofounders.co/startups/wave-neuroscience,https://cdn.prod.website-files.com/69401bfa528d1f131f2aa9ca/694bdaa8448babe75542240a_wave_neuroscience_logo%20(2).jpeg,magnus-medical; ampa-health; sinaptica-therapeutics; quantalx-neuroscience; brainsway
wearable-devices,Wearable Devices,Israel,Tools and Infrastructure,Assistive Technology; AR/VR,2014,Public,EMG,,,Wellness,,Non-medical,"Developing the Mudra wristband, a neural gesture recognition wearable that decodes hand and finger movement intent from neuromuscular signals for human-computer interaction.","Wearable Devices occupies a niche in non-contact peripheral EMG gesture recognition, with Apple Watch-compatible hardware targeting the consumer AR/VR and gesture control market. Its non-contact sensing differentiator is technically interesting, though the consumer gesture control market remains nascent and dependent on broader AR/VR hardware adoption.",https://www.wearabledevices.co.il/,https://www.neurofounders.co/startups/wearable-devices,https://cdn.prod.website-files.com/69401bfa528d1f131f2aa9ca/69df75f088c425488cabef04_wearable_devices_ltd_logo.jpg,ctrl-labs; pison-technology; phantom-neuro; brainco; orbit
wellumio,Wellumio,New Zealand,Neuroimaging,Diagnostics; Clinical Workflows,2019,Series A,(f)MRI,,,Stroke,,Investigational,"Developing a portable, battery-powered MRI-based brain imaging device for point-of-care stroke diagnosis in acute care settings.","Portable, contrast-free MRI at the bedside solves a real infrastructure problem in acute stroke care: minutes matter, and fixed scanners aren't always reachable in time. Regulatory and investor momentum (breakthrough-track ambitions, a $9.75M oversubscribed round) suggest the market agrees the timing is right, even with clinical validation still in progress.",https://www.wellumio.com,https://www.neurofounders.co/startups/wellumio,https://cdn.prod.website-files.com/69401bfa528d1f131f2aa9ca/6a71fb5713b004512622ae95_1633404047011.jpeg,neuro42; deepspin; synaptive-medical; brainkey; cerebriu
winterlight-labs,Winterlight Labs,Canada,Diagnostics and Assessment,Diagnostics; Aging,2015,Acquired,Biomarkers,,,Dementia/impairment,,Research only,"Analyzing natural speech via tablet to extract vocal biomarkers that detect and monitor cognitive impairment, enabling objective, scalable assessments.","Winterlight Labs is a speech biomarker company focused on cognitive impairment, extracting subtle vocal features through tablet-based assessment. As an acquired company, it is best viewed as a validated capability integrated into larger digital cognition platforms.",http://www.winterlightlabs.com,https://www.neurofounders.co/startups/winterlight-labs,https://cdn.prod.website-files.com/69401bfa528d1f131f2aa9ca/694bdadd532b3981f257bafc_1631329716208.jpeg,neurowyzr; altoida; evocal-health; aural-analytics
wise,WISE,Italy,Tools and Infrastructure,Decision Support; Clinical Workflows,2011,Series C+,ECoG,,,Tumors,,FDA cleared (510k),"Developing soft, stretchable implantable electrodes that improve safety and performance of neuromodulation leads in neuromonitoring and neurostimulation.","WISE is a component-level neurotechnology company developing soft, stretchable implantable electrodes that improve safety and performance of neural interfaces. Its value lies upstream in enabling better implants, making it a materials-and-manufacturing play rather than a direct therapeutic company.",https://wiseneuro.com/,https://www.neurofounders.co/startups/wise,https://cdn.prod.website-files.com/69401bfa528d1f131f2aa9ca/697b5d628ce19a6db35cbadf_1631309058242.jpeg,neurosoft-bioelectronics; neuroxess; precision-neuroscience; qv-bioelectronics; coherence-neuro
wisear,Wisear,France,Consumer Neurotech,AR/VR,2019,Acquired,EEG,,,Wellness,,Non-medical,Developing neural interface technology that enables hands-free control of consumer devices through brain–computer interaction.,"Wisear focused on ear-based neural interfaces for hands-free device control, positioning itself in the consumer tech and smart-earbuds segment. Its acquisition suggests strategic value in subtle, wearable neural inputs for mainstream electronics.",https://www.wisear.io/,https://www.neurofounders.co/startups/wisear,https://cdn.prod.website-files.com/69401bfa528d1f131f2aa9ca/695690891da2076ef5e6f054_wisear_logo.jpeg,neurable; idun-technologies; nextsense; naox-technologies; atlas
x-trodes,X-trodes,Israel,Tools and Infrastructure,OEM; Data Infrastructure,2019,Seed,EEG,,,Other,,FDA cleared (510k),Developing rapid-application dry EEG electrode systems to enable high-quality brain signal acquisition without gels or skin preparation.,"X-trodes is differentiated by rapid-application dry electrode systems that remove many of the frictions associated with traditional EEG preparation. This makes it a practical infrastructure company improving usability across sleep, research, and broader biosignal acquisition.",http://www.xtrodes.com,https://www.neurofounders.co/startups/x-trodes,https://cdn.prod.website-files.com/69401bfa528d1f131f2aa9ca/6951578c13cfc9cc8b929c64_x_trodes_logo.jpeg,g-tec; emotiv; synchneuro; kernel; anthriq
xanastim,XanaStim,Switzerland,Neuromodulation,Therapeutics; Monitoring,2021,Unknown,VNS,,,Sleep,,Investigational,"Developing wearable auricular vagus nerve stimulation systems for primary insomnia, with physiological monitoring and broader clinical neuromodulation applications.","XanaStim sits within the emerging group of auricular VNS companies trying to make peripheral neuromodulation more wearable and dose-tracked. Its current positioning is clinically oriented, with insomnia as the clearest entry point and regulatory translation still unconfirmed.",https://www.xanastim.com,https://www.neurofounders.co/startups/xanastim,https://cdn.prod.website-files.com/69401bfa528d1f131f2aa9ca/6a41e17a90561d05597bfd83_waldenmedicalneurostimulation_logo.jpeg,pulsetto; neuvana; synergia-medical; setpoint-medical; vagustim
yneuro,Yneuro,France,Consumer Neurotech,Experimental; Machine Learning,2019,Seed,Software,,,Other,,Non-medical,Developing neural authentication software that uses unique neural signatures as a biometric for secure digital identity and access.,"Yneuro sits in the niche category of neural biometrics, using brain-derived signatures as a form of authentication. It is an interesting application-layer business, though likely narrower in commercial scope than core neurodiagnostics or interface platforms.",http://www.yneuro.com,https://www.neurofounders.co/startups/yneuro,https://cdn.prod.website-files.com/69401bfa528d1f131f2aa9ca/695157f27fce7c69b91d15bf_yneuro_logo.jpeg,zander-labs; purple-gaze; subtle-medical; neurobrave; surf-therapeutics
zander-labs,Zander Labs,Netherlands,Tools and Infrastructure,Decision Support; Machine Learning,2016,Non-dilutive,EEG,,,Research,,Non-medical,"Developing portable, high-fidelity EEG hardware and passive BCI systems for real-time cognitive monitoring and neuroadaptive applications.","Zander Labs is positioned around passive BCI and cognitive monitoring, combining portable EEG hardware with neuroadaptive software applications. Its emphasis on real-time mental-state adaptation differentiates it from simple signal-acquisition vendors.",https://www.zanderlabs.com/,https://www.neurofounders.co/startups/zander-labs,https://cdn.prod.website-files.com/69401bfa528d1f131f2aa9ca/69515860e577713d25360b41_1631708567065.jpeg,g-tec; emotiv; anthriq; neuroconcise; synchroni
zenowell,ZenoWell,Germany,Consumer Neurotech,Therapeutics; Wellness,2024,Unknown,VNS,,,General brain health,,Non-medical,"Providing ear-worn taVNS devices for sleep, stress, recovery, and daily autonomic regulation in consumer wellness.","ZenoWell sits in the consumer auricular VNS segment, with a compact ear-worn form factor and broad wellness claims around sleep, stress, pain, and recovery. Its public positioning is commercially oriented, with limited independent company-specific validation and future sensing ambitions tied to partnerships.",https://zenowell.ai,https://www.neurofounders.co/startups/zenowell,https://cdn.prod.website-files.com/69401bfa528d1f131f2aa9ca/6a41e63e3268b00e90eafe56_zenowell_logo.jpeg,nuropod; pulsetto; vagustim; neuvana; sona
zeta-surgical,Zeta Surgical,USA,Tools and Infrastructure,Clinical Workflows; Machine Learning,2018,Seed,Software,,,Multi-indication,,FDA cleared (510k),"Developing AI-enabled surgical navigation systems for cranial procedures, neuromodulation targeting, and point-of-care image-guided intervention.","Zeta Surgical sits in the clinical navigation infrastructure layer for neurosurgery and neuromodulation targeting, with AI image analysis and frameless navigation supporting cranial procedural workflows. Its positioning is strategically notable because it links surgical guidance, interventional neurology, and TMS targeting within a cleared medical-device platform.",https://www.zetasurgical.com,https://www.neurofounders.co/startups/zeta-surgical,https://cdn.prod.website-files.com/69401bfa528d1f131f2aa9ca/6a1d5d4f1185c980a09a4a86_zeta_surgical_logo.jpeg,artiria-medical; panda-surgical; rhovica-neuroimaging; clee-medical; resolve-stroke
zhiran-medical,Zhiran Medical,China,Brain-Computer Interface,Assistive Technology; Experimental,2022,Series A,Intracortical,,,Paralysis/motor,,Investigational,"Developing an invasive flexible-electrode BCI platform for high-throughput neural recording, motor restoration, and communication-assistive applications.","Zhiran Medical sits in China’s flexible invasive BCI segment, with a platform aimed at high-throughput recording, motor restoration, and communication support. Its positioning is notable for combining flexible electrodes, implantable acquisition hardware, decoding software, and surgical robotics into a clinical-stage system.",https://bciflex.com,https://www.neurofounders.co/startups/zhiran-medical,https://cdn.prod.website-files.com/69401bfa528d1f131f2aa9ca/6a1d79cc63077be2069aa1d1_8b99a4146fe94421ab8fe00cb3af2867.avif,neuracle; neucyber-neurotech; stairmed; neuralink; precision-neuroscience
